metric_date,active_loans,new_disbursements,collection_amount,overdue_balance,loans_30_dpd,loans_60_dpd,loans_90_dpd,defaults,write_offs,recovery_rate,expected_credit_loss,portfolio_revenue
2024-01-01,0,0.0,0.0,0.0,0,0,0,0,0,0.0,0.0,0.0
2024-01-02,0,0.0,0.0,0.0,0,0,0,0,0,0.0,0.0,0.0
2024-01-03,0,0.0,0.0,0.0,0,0,0,0,0,0.0,0.0,0.0
2024-01-04,0,0.0,0.0,0.0,0,0,0,0,0,0.0,0.0,0.0
2024-01-05,0,0.0,0.0,0.0,0,0,0,0,0,0.0,0.0,0.0
2024-01-06,0,0.0,0.0,0.0,0,0,0,0,0,0.0,0.0,0.0
2024-01-07,1,27000.0,49956.65,0.0,0,0,0,0,0,0.0,0.0,0.0
2024-01-08,1,0.0,0.0,0.0,0,0,0,0,0,0.0,0.0,0.0
2024-01-09,2,14000.0,0.0,0.0,0,0,0,0,0,0.0,0.0,0.0
2024-01-10,2,0.0,0.0,0.0,0,0,0,0,0,0.0,0.0,0.0
2024-01-11,2,0.0,0.0,0.0,0,0,0,0,0,0.0,0.0,0.0
2024-01-12,2,0.0,0.0,0.0,0,0,0,0,0,0.0,0.0,0.0
2024-01-13,2,0.0,0.0,0.0,0,0,0,0,0,0.0,0.0,0.0
2024-01-14,3,168000.0,0.0,0.0,0,0,0,0,0,0.0,0.0,0.0
2024-01-15,3,0.0,0.0,0.0,0,0,0,0,0,0.0,0.0,0.0
2024-01-16,3,0.0,0.0,0.0,0,0,0,0,0,0.0,0.0,0.0
2024-01-17,3,0.0,0.0,0.0,0,0,0,0,0,0.0,0.0,0.0
2024-01-18,3,0.0,0.0,0.0,0,0,0,0,0,0.0,0.0,0.0
2024-01-19,3,0.0,0.0,0.0,0,0,0,0,0,0.0,0.0,0.0
2024-01-20,4,9500.0,0.0,0.0,0,0,0,0,0,0.0,0.0,0.0
2024-01-21,4,0.0,0.0,0.0,0,0,0,0,0,0.0,0.0,0.0
2024-01-22,4,0.0,0.0,0.0,0,0,0,0,0,0.0,0.0,0.0
2024-01-23,4,0.0,0.0,0.0,0,0,0,0,0,0.0,0.0,0.0
2024-01-24,5,42000.0,0.0,0.0,0,0,0,0,0,0.0,0.0,0.0
2024-01-25,5,0.0,0.0,0.0,0,0,0,0,0,0.0,0.0,0.0
2024-01-26,7,115500.0,0.0,0.0,0,0,0,1,0,0.0,0.0,0.0
2024-01-27,8,9000.0,0.0,0.0,0,0,0,2,0,0.0,0.0,0.0
2024-01-28,8,0.0,0.0,0.0,0,0,0,2,0,0.0,0.0,0.0
2024-01-29,8,0.0,0.0,0.0,0,0,0,2,0,0.0,0.0,0.0
2024-01-30,9,131500.0,0.0,0.0,0,0,0,3,0,0.0,0.0,0.0
2024-01-31,12,41500.0,0.0,348130.9,0,0,0,4,0,0.0,47682.17,0.0
2024-02-01,12,0.0,0.0,348130.9,0,0,0,4,0,0.0,47682.17,0.0
2024-02-02,13,65500.0,0.0,348130.9,0,0,0,4,0,0.0,47682.17,0.0
2024-02-03,13,0.0,0.0,348130.9,0,0,0,4,0,0.0,47682.17,0.0
2024-02-04,13,0.0,0.0,348130.9,0,0,0,4,0,0.0,47682.17,0.0
2024-02-05,13,0.0,0.0,348130.9,0,0,0,4,0,0.0,47682.17,0.0
2024-02-06,13,0.0,0.0,348130.9,0,0,0,4,0,0.0,47682.17,0.0
2024-02-07,14,9500.0,0.0,348130.9,0,0,0,4,0,0.0,47682.17,471.85
2024-02-08,14,0.0,0.0,348130.9,0,0,0,4,0,0.0,47682.17,0.0
2024-02-09,14,0.0,0.0,348130.9,0,0,0,4,0,0.0,47682.17,873.37
2024-02-10,14,223000.0,0.0,348130.9,0,0,0,5,1,0.0,47682.17,0.0
2024-02-11,15,12500.0,0.0,348130.9,0,0,0,5,1,0.0,47682.17,0.0
2024-02-12,15,0.0,0.0,348130.9,0,0,0,5,1,0.0,47682.17,0.0
2024-02-13,15,0.0,0.0,348130.9,0,0,0,5,1,0.0,47682.17,0.0
2024-02-14,15,0.0,0.0,348130.9,0,0,0,5,1,0.0,47682.17,0.0
2024-02-15,16,29000.0,0.0,348130.9,0,0,0,6,1,0.0,47682.17,0.0
2024-02-16,16,0.0,3115.74,348130.9,0,0,0,6,1,0.0089,47682.17,0.0
2024-02-17,16,0.0,0.0,348130.9,0,0,0,6,1,0.0,47682.17,0.0
2024-02-18,17,53500.0,0.0,348130.9,0,0,0,6,1,0.0,47682.17,0.0
2024-02-19,17,0.0,0.0,348130.9,0,0,0,6,1,0.0,47682.17,0.0
2024-02-20,18,29000.0,0.0,348130.9,0,0,0,6,1,0.0,47682.17,308.57
2024-02-21,19,171000.0,0.0,348130.9,0,0,0,6,1,0.0,47682.17,0.0
2024-02-22,20,21000.0,0.0,348130.9,0,0,0,7,1,0.0,47682.17,0.0
2024-02-23,22,148500.0,0.0,348130.9,0,0,0,7,1,0.0,47682.17,0.0
2024-02-24,24,294500.0,0.0,348130.9,0,0,0,7,1,0.0,47682.17,1343.13
2024-02-25,26,551500.0,0.0,348130.9,0,0,0,7,1,0.0,47682.17,0.0
2024-02-26,28,106500.0,0.0,348130.9,0,0,0,7,1,0.0,47682.17,493.81
2024-02-27,31,191500.0,0.0,348130.9,0,0,0,7,1,0.0,47682.17,563.72
2024-02-28,33,62000.0,0.0,348130.9,0,0,0,8,1,0.0,47682.17,0.0
2024-02-29,35,319000.0,0.0,2221787.87,3,0,0,8,1,0.0,241453.9,1395.42
2024-03-01,35,0.0,0.0,2221787.87,3,0,0,8,1,0.0,241453.9,982.02
2024-03-02,37,394500.0,0.0,2221787.87,3,0,0,8,1,0.0,241453.9,7238.5
2024-03-03,42,588000.0,0.0,2221787.87,3,0,0,10,1,0.0,241453.9,0.0
2024-03-04,43,102000.0,0.0,2221787.87,3,0,0,10,1,0.0,241453.9,0.0
2024-03-05,47,218000.0,0.0,2221787.87,3,0,0,11,1,0.0,241453.9,0.0
2024-03-06,50,501500.0,0.0,2221787.87,3,0,0,11,1,0.0,241453.9,0.0
2024-03-07,54,398000.0,0.0,2221787.87,3,0,0,11,1,0.0,241453.9,471.85
2024-03-08,58,269500.0,0.0,2221787.87,3,0,0,11,1,0.0,241453.9,0.0
2024-03-09,62,374000.0,0.0,2221787.87,3,0,0,14,1,0.0,241453.9,3848.78
2024-03-10,62,0.0,0.0,2221787.87,3,0,0,14,1,0.0,241453.9,0.0
2024-03-11,62,0.0,0.0,2221787.87,3,0,0,14,1,0.0,241453.9,2290.11
2024-03-12,65,194000.0,4180.1,2221787.87,3,0,0,14,1,0.0019,241453.9,0.0
2024-03-13,68,321500.0,0.0,2221787.87,3,0,0,15,1,0.0,241453.9,0.0
2024-03-14,69,33500.0,32325.97,2221787.87,3,0,0,15,1,0.0145,241453.9,1206.34
2024-03-15,73,546500.0,0.0,2221787.87,3,0,0,15,1,0.0,241453.9,0.0
2024-03-16,75,53000.0,0.0,2221787.87,3,0,0,15,1,0.0,241453.9,0.0
2024-03-17,75,0.0,0.0,2221787.87,3,0,0,15,1,0.0,241453.9,3886.6
2024-03-18,76,230000.0,0.0,2221787.87,3,0,0,15,1,0.0,241453.9,0.0
2024-03-19,79,491500.0,2377.67,2221787.87,3,0,0,15,1,0.0011,241453.9,0.0
2024-03-20,79,0.0,0.0,2221787.87,3,0,0,15,1,0.0,241453.9,0.0
2024-03-21,80,83500.0,0.0,2221787.87,3,0,0,16,2,0.0,241453.9,3229.4
2024-03-22,85,122500.0,0.0,2221787.87,3,0,0,18,2,0.0,241453.9,264.35
2024-03-23,87,275500.0,10299.09,2221787.87,3,0,0,18,2,0.0046,241453.9,1978.64
2024-03-24,90,96000.0,42129.23,2221787.87,3,0,0,20,2,0.019,241453.9,1343.13
2024-03-25,90,0.0,8979.38,2221787.87,3,0,0,20,2,0.004,241453.9,3774.12
2024-03-26,92,203500.0,105026.35,2221787.87,3,0,0,20,2,0.0473,241453.9,3170.55
2024-03-27,93,54000.0,0.0,2221787.87,3,0,0,20,2,0.0,241453.9,622.53
2024-03-28,95,87500.0,51662.05,2221787.87,3,0,0,21,2,0.0233,241453.9,981.97
2024-03-29,97,56000.0,0.0,2221787.87,3,0,0,21,2,0.0,241453.9,2503.29
2024-03-30,98,42000.0,0.0,2221787.87,3,0,0,21,2,0.0,241453.9,0.0
2024-03-31,100,42000.0,85966.28,4962394.86,6,0,0,21,2,0.0173,702975.97,1395.42
2024-04-01,103,223000.0,0.0,4962394.86,6,0,0,21,2,0.0,702975.97,1180.38
2024-04-02,107,478500.0,0.0,4962394.86,6,0,0,22,2,0.0,702975.97,6058.12
2024-04-03,107,0.0,0.0,4962394.86,6,0,0,22,2,0.0,702975.97,7633.09
2024-04-04,108,98000.0,0.0,4962394.86,6,0,0,22,2,0.0,702975.97,4739.51
2024-04-05,108,0.0,0.0,4962394.86,6,0,0,22,2,0.0,702975.97,0.0
2024-04-06,112,296500.0,4605.34,4962394.86,6,0,0,22,2,0.0009,702975.97,866.18
2024-04-07,117,382500.0,0.0,4962394.86,6,0,0,22,2,0.0,702975.97,5456.96
2024-04-08,117,107500.0,0.0,4962394.86,6,0,0,23,2,0.0,702975.97,13385.94
2024-04-09,122,629000.0,0.0,4962394.86,6,0,0,23,2,0.0,702975.97,5513.94
2024-04-10,124,21500.0,33424.22,4962394.86,6,0,0,23,2,0.0067,702975.97,4221.42
2024-04-11,124,0.0,0.0,4962394.86,6,0,0,23,2,0.0,702975.97,5575.35
2024-04-12,129,445500.0,0.0,4962394.86,6,0,0,23,2,0.0,702975.97,2554.75
2024-04-13,131,605000.0,27431.42,4962394.86,6,0,0,23,2,0.0055,702975.97,3662.27
2024-04-14,134,922500.0,0.0,4962394.86,6,0,0,23,2,0.0,702975.97,1163.53
2024-04-15,135,167000.0,60725.04,4962394.86,6,0,0,23,2,0.0122,702975.97,12511.71
2024-04-16,138,122500.0,2851.41,4962394.86,6,0,0,23,2,0.0006,702975.97,9809.07
2024-04-17,142,237000.0,0.0,4962394.86,6,0,0,25,2,0.0,702975.97,0.0
2024-04-18,145,52000.0,1198.14,4962394.86,6,0,0,26,2,0.0002,702975.97,5849.12
2024-04-19,150,370500.0,3903.32,4962394.86,6,0,0,26,2,0.0008,702975.97,13688.99
2024-04-20,153,210500.0,35102.16,4962394.86,6,0,0,27,2,0.0071,702975.97,10044.18
2024-04-21,153,96000.0,0.0,4962394.86,6,0,0,28,2,0.0,702975.97,4871.59
2024-04-22,156,431000.0,63614.7,4962394.86,6,0,0,28,2,0.0128,702975.97,2718.04
2024-04-23,160,904500.0,0.0,4962394.86,6,0,0,29,3,0.0,702975.97,6660.63
2024-04-24,163,258000.0,65574.49,4962394.86,6,0,0,30,3,0.0132,702975.97,5523.82
2024-04-25,167,226500.0,23538.62,4962394.86,6,0,0,30,3,0.0047,702975.97,3454.55
2024-04-26,169,215500.0,22146.47,4962394.86,6,0,0,30,3,0.0045,702975.97,6720.4
2024-04-27,171,66000.0,1433.57,4962394.86,6,0,0,31,3,0.0003,702975.97,21267.37
2024-04-28,175,483000.0,0.0,4962394.86,6,0,0,31,3,0.0,702975.97,0.0
2024-04-29,176,8000.0,0.0,4962394.86,6,0,0,31,3,0.0,702975.97,8101.39
2024-04-30,178,391000.0,11379.59,11035396.87,7,0,0,32,3,0.001,1349476.31,8893.47
2024-05-01,184,373000.0,0.0,11035396.87,7,0,0,33,3,0.0,1349476.31,0.0
2024-05-02,192,501000.0,0.0,11035396.87,7,0,0,35,3,0.0,1349476.31,12371.81
2024-05-03,194,223000.0,0.0,11035396.87,7,0,0,37,3,0.0,1349476.31,9272.76
2024-05-04,198,118000.0,0.0,11035396.87,7,0,0,38,3,0.0,1349476.31,0.0
2024-05-05,202,609000.0,0.0,11035396.87,7,0,0,38,3,0.0,1349476.31,11760.29
2024-05-06,203,40000.0,0.0,11035396.87,7,0,0,38,3,0.0,1349476.31,33468.89
2024-05-07,207,652500.0,50784.18,11035396.87,7,0,0,38,3,0.0046,1349476.31,6876.53
2024-05-08,214,665500.0,45795.17,11035396.87,7,0,0,38,3,0.0041,1349476.31,5122.77
2024-05-09,217,144000.0,87251.37,11035396.87,7,0,0,39,3,0.0079,1349476.31,17419.75
2024-05-10,218,354500.0,99456.38,11035396.87,7,0,0,39,3,0.009,1349476.31,2531.71
2024-05-11,223,746000.0,11290.15,11035396.87,7,0,0,40,4,0.001,1349476.31,654.97
2024-05-12,226,269000.0,230601.18,11035396.87,7,0,0,40,4,0.0209,1349476.31,30759.42
2024-05-13,229,462000.0,25630.95,11035396.87,7,0,0,42,5,0.0023,1349476.31,3488.64
2024-05-14,231,32500.0,53287.53,11035396.87,7,0,0,42,5,0.0048,1349476.31,12756.87
2024-05-15,234,100500.0,76187.43,11035396.87,7,0,0,42,5,0.0069,1349476.31,10803.01
2024-05-16,236,426500.0,118284.22,11035396.87,7,0,0,44,5,0.0107,1349476.31,5741.53
2024-05-17,239,418500.0,15793.72,11035396.87,7,0,0,44,5,0.0014,1349476.31,7342.13
2024-05-18,239,62000.0,909.13,11035396.87,7,0,0,44,5,0.0001,1349476.31,22468.49
2024-05-19,244,432500.0,59188.35,11035396.87,7,0,0,44,5,0.0054,1349476.31,8124.64
2024-05-20,245,363000.0,3263.81,11035396.87,7,0,0,44,5,0.0003,1349476.31,2853.63
2024-05-21,245,231000.0,0.0,11035396.87,7,0,0,44,5,0.0,1349476.31,4261.04
2024-05-22,249,456500.0,15667.88,11035396.87,7,0,0,45,5,0.0014,1349476.31,20123.56
2024-05-23,251,281500.0,14343.92,11035396.87,7,0,0,45,5,0.0013,1349476.31,22779.82
2024-05-24,254,429000.0,23802.6,11035396.87,7,0,0,45,5,0.0022,1349476.31,3517.98
2024-05-25,256,85500.0,824.07,11035396.87,7,0,0,45,5,0.0001,1349476.31,3214.15
2024-05-26,261,537500.0,48871.8,11035396.87,7,0,0,45,5,0.0044,1349476.31,21470.7
2024-05-27,264,244000.0,0.0,11035396.87,7,0,0,45,5,0.0,1349476.31,8714.88
2024-05-28,271,359000.0,4337.54,11035396.87,7,0,0,46,5,0.0004,1349476.31,6875.71
2024-05-29,272,12000.0,149620.08,11035396.87,7,0,0,46,5,0.0136,1349476.31,3973.33
2024-05-30,277,521000.0,2433.88,11035396.87,7,0,0,48,5,0.0002,1349476.31,1795.25
2024-05-31,281,312000.0,40364.49,17871415.6,12,0,0,49,5,0.0023,2104035.93,11289.62
2024-06-01,286,385500.0,0.0,17871415.6,12,0,0,50,5,0.0,2104035.93,4792.78
2024-06-02,290,267500.0,0.0,17871415.6,12,0,0,51,5,0.0,2104035.93,21031.24
2024-06-03,292,495500.0,0.0,17871415.6,12,0,0,51,5,0.0,2104035.93,15709.43
2024-06-04,296,242000.0,0.0,17871415.6,12,0,0,53,5,0.0,2104035.93,5934.4
2024-06-05,301,314500.0,0.0,17871415.6,12,0,0,55,5,0.0,2104035.93,5406.81
2024-06-06,307,811500.0,65713.09,17871415.6,12,0,0,55,5,0.0037,2104035.93,10117.23
2024-06-07,310,202500.0,130796.6,17871415.6,12,0,0,58,5,0.0073,2104035.93,13941.15
2024-06-08,314,538000.0,4408.26,17871415.6,12,0,0,58,5,0.0002,2104035.93,12997.04
2024-06-09,315,101000.0,22558.82,17871415.6,12,0,0,59,5,0.0013,2104035.93,11946.62
2024-06-10,316,68000.0,207327.64,17871415.6,12,0,0,59,5,0.0116,2104035.93,3981.35
2024-06-11,318,157000.0,129336.32,17871415.6,12,0,0,59,5,0.0072,2104035.93,13194.28
2024-06-12,323,228000.0,8607.2,17871415.6,12,0,0,61,5,0.0005,2104035.93,20123.36
2024-06-13,328,428000.0,12826.99,17871415.6,12,0,0,62,5,0.0007,2104035.93,25775.69
2024-06-14,329,30500.0,78152.47,17871415.6,12,0,0,62,5,0.0044,2104035.93,21278.94
2024-06-15,334,349500.0,92111.52,17871415.6,12,0,0,62,5,0.0052,2104035.93,16631.45
2024-06-16,338,256000.0,34756.13,17871415.6,12,0,0,62,5,0.0019,2104035.93,12649.51
2024-06-17,343,300500.0,19268.92,17871415.6,12,0,0,63,5,0.0011,2104035.93,18195.82
2024-06-18,344,15000.0,39050.67,17871415.6,12,0,0,63,5,0.0022,2104035.93,11346.8
2024-06-19,352,514000.0,0.0,17871415.6,12,0,0,65,5,0.0,2104035.93,31716.48
2024-06-20,357,414000.0,103085.66,17871415.6,12,0,0,65,5,0.0058,2104035.93,10301.38
2024-06-21,359,229000.0,0.0,17871415.6,12,0,0,65,5,0.0,2104035.93,7345.33
2024-06-22,365,330500.0,76124.33,17871415.6,12,0,0,66,5,0.0043,2104035.93,12725.75
2024-06-23,371,739500.0,51418.21,17871415.6,12,0,0,69,5,0.0029,2104035.93,18471.8
2024-06-24,372,6500.0,0.0,17871415.6,12,0,0,69,5,0.0,2104035.93,14692.72
2024-06-25,370,354000.0,93543.21,17871415.6,12,0,0,70,5,0.0052,2104035.93,27847.28
2024-06-26,377,662500.0,6507.23,17871415.6,12,0,0,70,5,0.0004,2104035.93,30648.64
2024-06-27,378,247000.0,0.0,17871415.6,12,0,0,70,5,0.0,2104035.93,17677.05
2024-06-28,379,486000.0,11246.71,17871415.6,12,0,0,70,5,0.0006,2104035.93,18059.59
2024-06-29,382,722500.0,280836.26,17871415.6,12,0,0,70,5,0.0157,2104035.93,7899.71
2024-06-30,385,174500.0,35572.15,22167513.65,27,1,0,70,5,0.0016,2771841.04,14564.38
2024-07-01,390,231000.0,0.0,22167513.65,27,1,0,70,5,0.0,2771841.04,16714.49
2024-07-02,393,189500.0,0.0,22167513.65,27,1,0,70,5,0.0,2771841.04,19840.83
2024-07-03,397,494000.0,0.0,22167513.65,27,1,0,70,5,0.0,2771841.04,11007.02
2024-07-04,403,378000.0,0.0,22167513.65,27,1,0,71,5,0.0,2771841.04,10350.57
2024-07-05,410,1128000.0,0.0,22167513.65,27,1,0,72,5,0.0,2771841.04,14490.96
2024-07-06,410,20000.0,0.0,22167513.65,27,1,0,72,5,0.0,2771841.04,31928.15
2024-07-07,415,574500.0,48605.63,22167513.65,27,1,0,72,5,0.0022,2771841.04,25389.01
2024-07-08,415,59000.0,123706.25,22167513.65,27,1,0,72,5,0.0056,2771841.04,28341.66
2024-07-09,417,431500.0,46872.65,22167513.65,27,1,0,73,5,0.0021,2771841.04,22611.1
2024-07-10,420,387000.0,48277.44,22167513.65,27,1,0,73,5,0.0022,2771841.04,15293.13
2024-07-11,424,153000.0,5586.37,22167513.65,27,1,0,73,5,0.0003,2771841.04,12517.92
2024-07-12,426,446000.0,116833.02,22167513.65,27,1,0,73,5,0.0053,2771841.04,21762.8
2024-07-13,433,1020500.0,99839.06,22167513.65,27,1,0,75,5,0.0045,2771841.04,29260.67
2024-07-14,437,176500.0,75209.36,22167513.65,27,1,0,75,5,0.0034,2771841.04,16207.28
2024-07-15,443,762500.0,47259.11,22167513.65,27,1,0,76,5,0.0021,2771841.04,26776.36
2024-07-16,446,129500.0,93096.69,22167513.65,27,1,0,76,5,0.0042,2771841.04,20135.54
2024-07-17,448,129000.0,32858.94,22167513.65,27,1,0,76,5,0.0015,2771841.04,29381.79
2024-07-18,451,863000.0,135128.37,22167513.65,27,1,0,76,5,0.0061,2771841.04,6676.8
2024-07-19,455,984000.0,6637.43,22167513.65,27,1,0,77,5,0.0003,2771841.04,38657.6
2024-07-20,456,388500.0,111445.56,22167513.65,27,1,0,78,6,0.005,2771841.04,17485.86
2024-07-21,459,291500.0,123589.47,22167513.65,27,1,0,78,6,0.0056,2771841.04,16695.39
2024-07-22,463,99000.0,81680.83,22167513.65,27,1,0,78,6,0.0037,2771841.04,18830.46
2024-07-23,470,1495000.0,68344.35,22167513.65,27,1,0,79,6,0.0031,2771841.04,19692.22
2024-07-24,479,606500.0,49793.14,22167513.65,27,1,0,81,6,0.0022,2771841.04,8993.93
2024-07-25,482,212000.0,0.0,22167513.65,27,1,0,81,6,0.0,2771841.04,25810.53
2024-07-26,484,259000.0,40847.74,22167513.65,27,1,0,81,6,0.0018,2771841.04,25494.47
2024-07-27,488,637000.0,82727.47,22167513.65,27,1,0,83,7,0.0037,2771841.04,12738.54
2024-07-28,493,948500.0,169469.31,22167513.65,27,1,0,84,7,0.0076,2771841.04,15276.81
2024-07-29,501,1111500.0,31547.92,22167513.65,27,1,0,86,7,0.0014,2771841.04,19347.16
2024-07-30,507,743500.0,105474.59,22167513.65,27,1,0,86,7,0.0048,2771841.04,9621.98
2024-07-31,510,491000.0,35776.93,30958808.88,37,4,0,86,7,0.0012,3878304.99,12887.58
2024-08-01,512,336500.0,0.0,30958808.88,37,4,0,86,7,0.0,3878304.99,14458.8
2024-08-02,514,264000.0,0.0,30958808.88,37,4,0,86,7,0.0,3878304.99,35156.61
2024-08-03,519,502500.0,0.0,30958808.88,37,4,0,87,7,0.0,3878304.99,21118.35
2024-08-04,524,584500.0,0.0,30958808.88,37,4,0,89,7,0.0,3878304.99,21549.49
2024-08-05,525,104000.0,0.0,30958808.88,37,4,0,90,7,0.0,3878304.99,24018.7
2024-08-06,533,1309500.0,0.0,30958808.88,37,4,0,93,8,0.0,3878304.99,23929.32
2024-08-07,537,133500.0,118184.05,30958808.88,37,4,0,95,8,0.0038,3878304.99,20220.76
2024-08-08,539,20500.0,90832.29,30958808.88,37,4,0,95,8,0.0029,3878304.99,33258.28
2024-08-09,543,242500.0,151273.65,30958808.88,37,4,0,96,8,0.0049,3878304.99,25231.79
2024-08-10,548,698000.0,267645.6,30958808.88,37,4,0,96,8,0.0086,3878304.99,20526.94
2024-08-11,551,194500.0,30867.42,30958808.88,37,4,0,97,8,0.001,3878304.99,20619.62
2024-08-12,555,883000.0,243381.41,30958808.88,37,4,0,99,8,0.0079,3878304.99,33005.93
2024-08-13,556,239000.0,90146.77,30958808.88,37,4,0,99,8,0.0029,3878304.99,27813.47
2024-08-14,561,355000.0,51330.21,30958808.88,37,4,0,100,8,0.0017,3878304.99,29947.37
2024-08-15,563,731000.0,48905.94,30958808.88,37,4,0,100,8,0.0016,3878304.99,29361.39
2024-08-16,572,632000.0,81253.64,30958808.88,37,4,0,102,8,0.0026,3878304.99,11223.08
2024-08-17,578,264000.0,101213.73,30958808.88,37,4,0,102,8,0.0033,3878304.99,18139.03
2024-08-18,582,212500.0,165306.53,30958808.88,37,4,0,102,8,0.0053,3878304.99,23540.83
2024-08-19,582,346500.0,3292.01,30958808.88,37,4,0,104,8,0.0001,3878304.99,34489.79
2024-08-20,584,219000.0,134773.93,30958808.88,37,4,0,104,8,0.0044,3878304.99,23553.22
2024-08-21,588,405000.0,58797.2,30958808.88,37,4,0,104,8,0.0019,3878304.99,16997.75
2024-08-22,593,483000.0,57984.02,30958808.88,37,4,0,105,8,0.0019,3878304.99,23999.37
2024-08-23,599,755000.0,83630.32,30958808.88,37,4,0,106,9,0.0027,3878304.99,48700.86
2024-08-24,604,434500.0,133598.05,30958808.88,37,4,0,106,9,0.0043,3878304.99,22353.34
2024-08-25,609,962000.0,159255.3,30958808.88,37,4,0,106,9,0.0051,3878304.99,15411.14
2024-08-26,613,247500.0,97392.54,30958808.88,37,4,0,109,9,0.0031,3878304.99,17028.94
2024-08-27,620,476500.0,14055.45,30958808.88,37,4,0,110,9,0.0005,3878304.99,30523.98
2024-08-28,622,386000.0,9255.0,30958808.88,37,4,0,112,9,0.0003,3878304.99,50598.42
2024-08-29,628,374000.0,104518.01,30958808.88,37,4,0,112,9,0.0034,3878304.99,31244.36
2024-08-30,636,458000.0,10505.51,30958808.88,37,4,0,112,9,0.0003,3878304.99,33005.35
2024-08-31,640,127500.0,187488.72,39403040.01,51,8,0,113,10,0.0048,4679621.85,40282.44
2024-09-01,644,558000.0,0.0,39403040.01,51,8,0,113,10,0.0,4679621.85,15634.14
2024-09-02,655,968000.0,0.0,39403040.01,51,8,0,115,10,0.0,4679621.85,31297.15
2024-09-03,662,1084500.0,0.0,39403040.01,51,8,0,115,10,0.0,4679621.85,25314.4
2024-09-04,667,885500.0,0.0,39403040.01,51,8,0,116,10,0.0,4679621.85,31644.42
2024-09-05,671,269500.0,0.0,39403040.01,51,8,0,116,10,0.0,4679621.85,21986.52
2024-09-06,678,260500.0,191160.08,39403040.01,51,8,0,118,10,0.0049,4679621.85,45981.81
2024-09-07,682,626000.0,137552.74,39403040.01,51,8,0,119,10,0.0035,4679621.85,31798.46
2024-09-08,688,486000.0,165440.34,39403040.01,51,8,0,121,10,0.0042,4679621.85,33233.95
2024-09-09,698,878500.0,91608.5,39403040.01,51,8,0,122,10,0.0023,4679621.85,22102.96
2024-09-10,705,441500.0,112659.89,39403040.01,51,8,0,123,10,0.0029,4679621.85,23089.2
2024-09-11,709,614000.0,151039.29,39403040.01,51,8,0,124,10,0.0038,4679621.85,29309.81
2024-09-12,715,664000.0,116991.76,39403040.01,51,8,0,127,11,0.003,4679621.85,29246.89
2024-09-13,724,1209500.0,128622.61,39403040.01,51,8,0,128,11,0.0033,4679621.85,45051.31
2024-09-14,737,953500.0,171569.42,39403040.01,51,8,0,131,11,0.0044,4679621.85,27315.2
2024-09-15,744,710500.0,334947.34,39403040.01,51,8,0,134,11,0.0085,4679621.85,54210.22
2024-09-16,754,753000.0,293503.65,39403040.01,51,8,0,135,11,0.0074,4679621.85,33672.49
2024-09-17,756,770500.0,137988.09,39403040.01,51,8,0,135,11,0.0035,4679621.85,38771.12
2024-09-18,768,1553000.0,67021.03,39403040.01,51,8,0,138,11,0.0017,4679621.85,12566.5
2024-09-19,775,1397500.0,78819.76,39403040.01,51,8,0,141,11,0.002,4679621.85,44057.75
2024-09-20,781,325000.0,8269.3,39403040.01,51,8,0,142,12,0.0002,4679621.85,29399.8
2024-09-21,791,888500.0,105790.04,39403040.01,51,8,0,142,12,0.0027,4679621.85,30872.89
2024-09-22,798,677500.0,67656.13,39403040.01,51,8,0,144,13,0.0017,4679621.85,70861.84
2024-09-23,800,332500.0,0.0,39403040.01,51,8,0,145,13,0.0,4679621.85,93142.96
2024-09-24,812,1304000.0,78482.67,39403040.01,51,8,0,147,13,0.002,4679621.85,31962.56
2024-09-25,822,868000.0,88440.38,39403040.01,51,8,0,148,13,0.0022,4679621.85,42269.08
2024-09-26,827,1778500.0,140575.86,39403040.01,51,8,0,149,13,0.0036,4679621.85,34442.88
2024-09-27,842,1668000.0,31314.91,39403040.01,51,8,0,150,13,0.0008,4679621.85,27081.32
2024-09-28,849,629000.0,229730.22,39403040.01,51,8,0,154,14,0.0058,4679621.85,33497.99
2024-09-29,859,1097000.0,85497.21,39403040.01,51,8,0,156,14,0.0022,4679621.85,31630.15
2024-09-30,865,804000.0,168845.25,50851502.93,61,7,1,157,14,0.0033,6417540.67,56920.84
2024-10-01,877,916500.0,0.0,50851502.93,61,7,1,159,14,0.0,6417540.67,32472.37
2024-10-02,880,450000.0,0.0,50851502.93,61,7,1,159,14,0.0,6417540.67,41451.63
2024-10-03,891,1198000.0,0.0,50851502.93,61,7,1,162,14,0.0,6417540.67,43848.65
2024-10-04,895,598500.0,0.0,50851502.93,61,7,1,165,14,0.0,6417540.67,39019.53
2024-10-05,907,854000.0,0.0,50851502.93,61,7,1,167,14,0.0,6417540.67,49606.93
2024-10-06,906,323500.0,0.0,50851502.93,61,7,1,168,14,0.0,6417540.67,53285.14
2024-10-07,917,1005000.0,229656.96,50851502.93,61,7,1,170,14,0.0045,6417540.67,44087.5
2024-10-08,928,1453500.0,220442.33,50851502.93,61,7,1,170,14,0.0043,6417540.67,54592.24
2024-10-09,934,889500.0,191896.87,50851502.93,61,7,1,172,14,0.0038,6417540.67,20648.22
2024-10-10,942,1511500.0,129957.17,50851502.93,61,7,1,175,14,0.0026,6417540.67,27760.43
2024-10-11,952,1546000.0,220881.79,50851502.93,61,7,1,176,14,0.0043,6417540.67,54187.79
2024-10-12,962,1195500.0,305139.85,50851502.93,61,7,1,180,14,0.006,6417540.67,17665.21
2024-10-13,975,1395500.0,60291.18,50851502.93,61,7,1,182,14,0.0012,6417540.67,62670.0
2024-10-14,988,1123000.0,33566.96,50851502.93,61,7,1,183,14,0.0007,6417540.67,29085.32
2024-10-15,1001,1365000.0,59004.24,50851502.93,61,7,1,186,15,0.0012,6417540.67,75441.3
2024-10-16,1009,610500.0,19966.73,50851502.93,61,7,1,187,15,0.0004,6417540.67,44605.53
2024-10-17,1020,1493000.0,224685.16,50851502.93,61,7,1,190,15,0.0044,6417540.67,45425.38
2024-10-18,1038,1602500.0,205386.84,50851502.93,61,7,1,193,16,0.004,6417540.67,64863.35
2024-10-19,1051,1464000.0,92693.01,50851502.93,61,7,1,195,16,0.0018,6417540.67,40950.71
2024-10-20,1062,1048000.0,197790.64,50851502.93,61,7,1,195,16,0.0039,6417540.67,22631.4
2024-10-21,1066,357500.0,165692.13,50851502.93,61,7,1,196,16,0.0033,6417540.67,61114.96
2024-10-22,1074,293500.0,142182.22,50851502.93,61,7,1,198,16,0.0028,6417540.67,46313.88
2024-10-23,1087,1713000.0,284134.02,50851502.93,61,7,1,202,16,0.0056,6417540.67,72918.3
2024-10-24,1094,1163500.0,217723.18,50851502.93,61,7,1,203,16,0.0043,6417540.67,56958.5
2024-10-25,1101,622500.0,164238.9,50851502.93,61,7,1,206,16,0.0032,6417540.67,38526.0
2024-10-26,1112,1460000.0,408355.32,50851502.93,61,7,1,207,16,0.008,6417540.67,57851.71
2024-10-27,1123,1424500.0,153617.27,50851502.93,61,7,1,207,16,0.003,6417540.67,62503.48
2024-10-28,1138,1239000.0,169231.25,50851502.93,61,7,1,210,16,0.0033,6417540.67,67232.57
2024-10-29,1149,1441000.0,62990.97,50851502.93,61,7,1,213,16,0.0012,6417540.67,61796.02
2024-10-30,1157,1162000.0,126136.73,50851502.93,61,7,1,214,16,0.0025,6417540.67,54053.11
2024-10-31,1172,1484000.0,189459.61,69334566.56,89,17,1,217,16,0.0027,8783660.52,35604.02
2024-11-01,1184,1212500.0,0.0,69334566.56,89,17,1,219,16,0.0,8783660.52,47635.39
2024-11-02,1191,994500.0,0.0,69334566.56,89,17,1,222,16,0.0,8783660.52,29220.8
2024-11-03,1199,605000.0,0.0,69334566.56,89,17,1,222,16,0.0,8783660.52,61581.97
2024-11-04,1213,1429000.0,0.0,69334566.56,89,17,1,223,16,0.0,8783660.52,47437.19
2024-11-05,1228,2051500.0,0.0,69334566.56,89,17,1,225,16,0.0,8783660.52,66819.13
2024-11-06,1240,1086000.0,274552.76,69334566.56,89,17,1,225,16,0.004,8783660.52,49590.15
2024-11-07,1248,1410500.0,164848.62,69334566.56,89,17,1,229,16,0.0024,8783660.52,45543.84
2024-11-08,1259,886500.0,71752.42,69334566.56,89,17,1,231,16,0.001,8783660.52,63843.72
2024-11-09,1270,759000.0,160697.96,69334566.56,89,17,1,233,16,0.0023,8783660.52,61386.43
2024-11-10,1273,529000.0,154964.19,69334566.56,89,17,1,233,16,0.0022,8783660.52,71297.12
2024-11-11,1280,948500.0,299100.0,69334566.56,89,17,1,234,16,0.0043,8783660.52,50493.99
2024-11-12,1292,1334500.0,125798.39,69334566.56,89,17,1,235,16,0.0018,8783660.52,53691.3
2024-11-13,1303,698500.0,274361.24,69334566.56,89,17,1,236,16,0.004,8783660.52,78587.56
2024-11-14,1324,2087500.0,89678.13,69334566.56,89,17,1,238,16,0.0013,8783660.52,61276.29
2024-11-15,1337,1837000.0,289043.87,69334566.56,89,17,1,241,17,0.0042,8783660.52,84079.83
2024-11-16,1345,884500.0,148726.1,69334566.56,89,17,1,241,17,0.0021,8783660.52,69221.2
2024-11-17,1362,1369500.0,200942.95,69334566.56,89,17,1,244,17,0.0029,8783660.52,51464.93
2024-11-18,1370,857000.0,151851.93,69334566.56,89,17,1,246,17,0.0022,8783660.52,73565.72
2024-11-19,1383,1574500.0,275197.85,69334566.56,89,17,1,247,17,0.004,8783660.52,62030.47
2024-11-20,1396,1187500.0,151174.5,69334566.56,89,17,1,247,17,0.0022,8783660.52,72656.7
2024-11-21,1411,1458500.0,473174.84,69334566.56,89,17,1,249,17,0.0068,8783660.52,60675.01
2024-11-22,1425,1977500.0,195197.58,69334566.56,89,17,1,255,17,0.0028,8783660.52,27689.23
2024-11-23,1436,820000.0,266707.61,69334566.56,89,17,1,258,18,0.0038,8783660.52,55197.84
2024-11-24,1444,977500.0,176600.8,69334566.56,89,17,1,259,18,0.0025,8783660.52,116504.73
2024-11-25,1458,1693000.0,187819.84,69334566.56,89,17,1,261,19,0.0027,8783660.52,83560.42
2024-11-26,1472,2155500.0,180210.17,69334566.56,89,17,1,261,19,0.0026,8783660.52,93663.85
2024-11-27,1483,1612000.0,106346.64,69334566.56,89,17,1,265,20,0.0015,8783660.52,61887.5
2024-11-28,1506,2129500.0,437620.97,69334566.56,89,17,1,270,20,0.0063,8783660.52,52089.88
2024-11-29,1517,1921500.0,17767.74,69334566.56,89,17,1,277,21,0.0003,8783660.52,81209.64
2024-11-30,1527,1338500.0,201534.24,91129733.95,139,27,2,279,21,0.0022,11365573.33,131358.56
2024-12-01,1541,900000.0,0.0,91129733.95,139,27,2,281,21,0.0,11365573.33,74788.37
2024-12-02,1556,1614000.0,0.0,91129733.95,139,27,2,284,21,0.0,11365573.33,86503.32
2024-12-03,1570,1373500.0,0.0,91129733.95,139,27,2,287,21,0.0,11365573.33,62673.6
2024-12-04,1579,1020500.0,0.0,91129733.95,139,27,2,290,21,0.0,11365573.33,80281.03
2024-12-05,1585,1403500.0,0.0,91129733.95,139,27,2,291,21,0.0,11365573.33,95258.16
2024-12-06,1599,1274500.0,0.0,91129733.95,139,27,2,292,21,0.0,11365573.33,42984.53
2024-12-07,1611,859500.0,182771.32,91129733.95,139,27,2,293,21,0.002,11365573.33,66683.17
2024-12-08,1618,487000.0,412632.04,91129733.95,139,27,2,294,21,0.0045,11365573.33,59736.29
2024-12-09,1628,1066000.0,213777.72,91129733.95,139,27,2,297,21,0.0023,11365573.33,79477.62
2024-12-10,1639,1071500.0,278767.98,91129733.95,139,27,2,297,21,0.0031,11365573.33,77304.17
2024-12-11,1640,969000.0,222540.82,91129733.95,139,27,2,299,21,0.0024,11365573.33,70543.54
2024-12-12,1641,1121500.0,179690.91,91129733.95,139,27,2,301,22,0.002,11365573.33,63199.48
2024-12-13,1651,1681000.0,428133.03,91129733.95,139,27,2,303,22,0.0047,11365573.33,105508.6
2024-12-14,1664,1447000.0,93109.09,91129733.95,139,27,2,304,22,0.001,11365573.33,72823.71
2024-12-15,1670,1175000.0,437786.55,91129733.95,139,27,2,304,22,0.0048,11365573.33,103741.66
2024-12-16,1678,1256500.0,113840.12,91129733.95,139,27,2,306,22,0.0012,11365573.33,74428.22
2024-12-17,1689,691500.0,173763.05,91129733.95,139,27,2,308,23,0.0019,11365573.33,85794.95
2024-12-18,1694,1003000.0,113766.71,91129733.95,139,27,2,311,24,0.0012,11365573.33,68992.58
2024-12-19,1704,1077000.0,133557.25,91129733.95,139,27,2,314,26,0.0015,11365573.33,94649.7
2024-12-20,1708,352500.0,257710.73,91129733.95,139,27,2,317,26,0.0028,11365573.33,100178.89
2024-12-21,1715,484500.0,491831.26,91129733.95,139,27,2,319,26,0.0054,11365573.33,60161.19
2024-12-22,1731,2177500.0,144604.34,91129733.95,139,27,2,323,26,0.0016,11365573.33,59471.22
2024-12-23,1740,802500.0,188430.26,91129733.95,139,27,2,325,26,0.0021,11365573.33,115516.58
2024-12-24,1744,556000.0,274978.95,91129733.95,139,27,2,325,26,0.003,11365573.33,82797.46
2024-12-25,1750,1530500.0,534425.56,91129733.95,139,27,2,329,26,0.0059,11365573.33,83601.77
2024-12-26,1767,1906500.0,287169.75,91129733.95,139,27,2,333,26,0.0032,11365573.33,104424.65
2024-12-27,1779,1432500.0,287108.99,91129733.95,139,27,2,336,26,0.0032,11365573.33,130128.48
2024-12-28,1788,995000.0,241485.55,91129733.95,139,27,2,339,26,0.0026,11365573.33,133240.45
2024-12-29,1796,1708000.0,224182.92,91129733.95,139,27,2,345,28,0.0025,11365573.33,84212.46
2024-12-30,1805,622500.0,223255.93,91129733.95,139,27,2,346,28,0.0024,11365573.33,94764.81
2024-12-31,1817,1102000.0,307401.29,108424787.46,186,41,5,351,29,0.0028,13408600.59,63738.09
2025-01-01,1830,908000.0,0.0,108424787.46,186,41,5,353,29,0.0,13408600.59,69150.8
2025-01-02,1839,504500.0,0.0,108424787.46,186,41,5,356,29,0.0,13408600.59,119680.08
2025-01-03,1845,829500.0,0.0,108424787.46,186,41,5,357,29,0.0,13408600.59,107258.87
2025-01-04,1852,1370000.0,0.0,108424787.46,186,41,5,358,29,0.0,13408600.59,73139.54
2025-01-05,1858,774500.0,0.0,108424787.46,186,41,5,360,29,0.0,13408600.59,123997.23
2025-01-06,1866,1805500.0,0.0,108424787.46,186,41,5,361,29,0.0,13408600.59,89998.25
2025-01-07,1870,734000.0,116511.05,108424787.46,186,41,5,363,29,0.0011,13408600.59,97064.44
2025-01-08,1881,1065000.0,486663.62,108424787.46,186,41,5,367,29,0.0045,13408600.59,61486.12
2025-01-09,1893,1070500.0,141953.89,108424787.46,186,41,5,370,29,0.0013,13408600.59,70052.65
2025-01-10,1903,1189500.0,387135.04,108424787.46,186,41,5,373,29,0.0036,13408600.59,58491.16
2025-01-11,1907,573500.0,403285.8,108424787.46,186,41,5,373,29,0.0037,13408600.59,92170.76
2025-01-12,1918,1319500.0,245511.68,108424787.46,186,41,5,376,29,0.0023,13408600.59,88481.9
2025-01-13,1923,176500.0,326204.99,108424787.46,186,41,5,376,29,0.003,13408600.59,106467.81
2025-01-14,1930,2153500.0,243251.2,108424787.46,186,41,5,378,29,0.0022,13408600.59,113748.05
2025-01-15,1937,531000.0,188920.32,108424787.46,186,41,5,380,30,0.0017,13408600.59,80422.07
2025-01-16,1944,1292000.0,418150.01,108424787.46,186,41,5,380,30,0.0039,13408600.59,92345.15
2025-01-17,1952,1318500.0,269249.14,108424787.46,186,41,5,383,30,0.0025,13408600.59,138917.17
2025-01-18,1958,984000.0,265406.78,108424787.46,186,41,5,384,30,0.0024,13408600.59,105663.32
2025-01-19,1965,645500.0,262506.19,108424787.46,186,41,5,386,30,0.0024,13408600.59,82859.11
2025-01-20,1978,1869000.0,454953.65,108424787.46,186,41,5,388,30,0.0042,13408600.59,94180.1
2025-01-21,1984,437500.0,151916.94,108424787.46,186,41,5,388,30,0.0014,13408600.59,91975.53
2025-01-22,1991,1216000.0,221053.43,108424787.46,186,41,5,390,31,0.002,13408600.59,80630.19
2025-01-23,2002,1337500.0,382165.78,108424787.46,186,41,5,394,31,0.0035,13408600.59,131305.91
2025-01-24,2011,930500.0,131748.9,108424787.46,186,41,5,396,31,0.0012,13408600.59,104692.7
2025-01-25,2015,1112500.0,132721.5,108424787.46,186,41,5,396,31,0.0012,13408600.59,93327.25
2025-01-26,2021,921000.0,83770.99,108424787.46,186,41,5,397,31,0.0008,13408600.59,99127.29
2025-01-27,2032,999500.0,173112.33,108424787.46,186,41,5,401,31,0.0016,13408600.59,90447.9
2025-01-28,2039,748000.0,206027.51,108424787.46,186,41,5,403,31,0.0019,13408600.59,129282.7
2025-01-29,2049,696500.0,382637.21,108424787.46,186,41,5,407,32,0.0035,13408600.59,106727.11
2025-01-30,2057,1217500.0,448106.52,108424787.46,186,41,5,407,32,0.0041,13408600.59,70412.33
2025-01-31,2058,572000.0,465463.37,121801198.42,238,60,9,408,32,0.0038,14964263.02,99609.39
2025-02-01,2063,1043000.0,0.0,121801198.42,238,60,9,411,32,0.0,14964263.02,101968.37
2025-02-02,2071,979000.0,0.0,121801198.42,238,60,9,412,32,0.0,14964263.02,119129.88
2025-02-03,2079,740500.0,0.0,121801198.42,238,60,9,412,32,0.0,14964263.02,98910.84
2025-02-04,2098,1160500.0,266648.87,121801198.42,238,60,9,415,32,0.0022,14964263.02,97818.37
2025-02-05,2100,283000.0,181347.54,121801198.42,238,60,9,416,32,0.0015,14964263.02,112990.74
2025-02-06,2107,716500.0,223172.81,121801198.42,238,60,9,417,32,0.0018,14964263.02,140822.83
2025-02-07,2116,931500.0,186470.6,121801198.42,238,60,9,419,32,0.0015,14964263.02,91205.12
2025-02-08,2122,887500.0,429255.08,121801198.42,238,60,9,422,32,0.0035,14964263.02,73217.98
2025-02-09,2126,816500.0,281386.36,121801198.42,238,60,9,424,32,0.0023,14964263.02,99957.53
2025-02-10,2132,1016000.0,175122.32,121801198.42,238,60,9,426,33,0.0014,14964263.02,110526.14
2025-02-11,2134,556500.0,102847.88,121801198.42,238,60,9,427,34,0.0008,14964263.02,125188.3
2025-02-12,2139,919000.0,386423.33,121801198.42,238,60,9,429,34,0.0032,14964263.02,105458.1
2025-02-13,2144,1335000.0,90764.02,121801198.42,238,60,9,431,35,0.0007,14964263.02,132345.78
2025-02-14,2151,1422500.0,290169.02,121801198.42,238,60,9,433,35,0.0024,14964263.02,129581.97
2025-02-15,2155,572000.0,291455.43,121801198.42,238,60,9,434,35,0.0024,14964263.02,130136.34
2025-02-16,2165,1016500.0,389665.87,121801198.42,238,60,9,435,35,0.0032,14964263.02,110054.14
2025-02-17,2174,934500.0,208480.8,121801198.42,238,60,9,436,35,0.0017,14964263.02,89074.36
2025-02-18,2185,1016000.0,159808.7,121801198.42,238,60,9,439,35,0.0013,14964263.02,131293.94
2025-02-19,2192,1275500.0,119709.26,121801198.42,238,60,9,440,36,0.001,14964263.02,137727.71
2025-02-20,2197,1192500.0,431574.5,121801198.42,238,60,9,440,36,0.0035,14964263.02,85742.42
2025-02-21,2210,1194500.0,165366.58,121801198.42,238,60,9,442,36,0.0014,14964263.02,71131.09
2025-02-22,2219,875000.0,169284.12,121801198.42,238,60,9,444,37,0.0014,14964263.02,98808.55
2025-02-23,2226,1814000.0,357156.91,121801198.42,238,60,9,448,37,0.0029,14964263.02,107210.5
2025-02-24,2233,867500.0,153540.85,121801198.42,238,60,9,453,37,0.0013,14964263.02,122709.78
2025-02-25,2234,666500.0,68938.87,121801198.42,238,60,9,455,37,0.0006,14964263.02,80867.94
2025-02-26,2237,904500.0,284490.26,121801198.42,238,60,9,456,38,0.0023,14964263.02,105093.91
2025-02-27,2240,375000.0,128347.82,121801198.42,238,60,9,456,38,0.0011,14964263.02,119975.73
2025-02-28,2241,814000.0,234126.99,130002949.63,307,88,18,458,38,0.0018,16009392.56,250882.37
2025-03-01,2247,1017000.0,0.0,130002949.63,307,88,18,458,38,0.0,16009392.56,169468.64
2025-03-02,2256,1508500.0,0.0,130002949.63,307,88,18,461,38,0.0,16009392.56,173010.88
2025-03-03,2265,1560500.0,0.0,130002949.63,307,88,18,461,38,0.0,16009392.56,126494.94
2025-03-04,2269,675000.0,0.0,130002949.63,307,88,18,464,38,0.0,16009392.56,115929.12
2025-03-05,2281,2179000.0,0.0,130002949.63,307,88,18,469,38,0.0,16009392.56,134965.88
2025-03-06,2284,817500.0,0.0,130002949.63,307,88,18,470,38,0.0,16009392.56,114472.0
2025-03-07,2296,1092500.0,320708.28,130002949.63,307,88,18,473,38,0.0025,16009392.56,112677.73
2025-03-08,2301,719500.0,533584.47,130002949.63,307,88,18,473,38,0.0041,16009392.56,79092.29
2025-03-09,2310,1306000.0,314138.5,130002949.63,307,88,18,478,39,0.0024,16009392.56,88799.02
2025-03-10,2316,508000.0,363854.13,130002949.63,307,88,18,479,39,0.0028,16009392.56,109636.29
2025-03-11,2324,637000.0,240748.03,130002949.63,307,88,18,480,39,0.0019,16009392.56,87726.48
2025-03-12,2332,900000.0,540092.97,130002949.63,307,88,18,481,39,0.0042,16009392.56,115232.64
2025-03-13,2341,1690000.0,275469.06,130002949.63,307,88,18,485,39,0.0021,16009392.56,136561.86
2025-03-14,2351,2184000.0,269993.58,130002949.63,307,88,18,487,39,0.0021,16009392.56,127625.73
2025-03-15,2362,2008000.0,269240.16,130002949.63,307,88,18,492,40,0.0021,16009392.56,132364.08
2025-03-16,2371,1042000.0,412563.65,130002949.63,307,88,18,496,41,0.0032,16009392.56,116767.06
2025-03-17,2377,761500.0,137088.33,130002949.63,307,88,18,497,41,0.0011,16009392.56,112896.15
2025-03-18,2386,821500.0,396679.28,130002949.63,307,88,18,500,41,0.0031,16009392.56,144094.31
2025-03-19,2398,1639000.0,451202.12,130002949.63,307,88,18,505,42,0.0035,16009392.56,125653.66
2025-03-20,2409,1609500.0,151834.05,130002949.63,307,88,18,506,42,0.0012,16009392.56,89648.96
2025-03-21,2422,1730000.0,457998.7,130002949.63,307,88,18,509,43,0.0035,16009392.56,104394.69
2025-03-22,2428,837000.0,233256.0,130002949.63,307,88,18,513,44,0.0018,16009392.56,129576.95
2025-03-23,2435,1085500.0,443189.46,130002949.63,307,88,18,515,44,0.0034,16009392.56,150797.73
2025-03-24,2435,1411000.0,439116.48,130002949.63,307,88,18,515,44,0.0034,16009392.56,80722.88
2025-03-25,2444,1386500.0,308319.68,130002949.63,307,88,18,517,44,0.0024,16009392.56,101565.18
2025-03-26,2459,1428000.0,306568.01,130002949.63,307,88,18,518,44,0.0024,16009392.56,138473.64
2025-03-27,2475,1794500.0,277166.37,130002949.63,307,88,18,524,44,0.0021,16009392.56,173366.59
2025-03-28,2485,1201500.0,400969.13,130002949.63,307,88,18,527,46,0.0031,16009392.56,121115.71
2025-03-29,2503,2064000.0,380354.33,130002949.63,307,88,18,530,46,0.0029,16009392.56,103439.38
2025-03-30,2515,1283500.0,253427.23,130002949.63,307,88,18,531,46,0.0019,16009392.56,84873.74
2025-03-31,2533,2181500.0,178520.24,146762572.58,382,135,23,536,46,0.0012,18270822.06,109751.14
2025-04-01,2551,1759000.0,0.0,146762572.58,382,135,23,540,47,0.0,18270822.06,106905.45
2025-04-02,2560,1670000.0,0.0,146762572.58,382,135,23,542,47,0.0,18270822.06,95873.64
2025-04-03,2576,2016500.0,0.0,146762572.58,382,135,23,545,47,0.0,18270822.06,123676.57
2025-04-04,2594,1508000.0,0.0,146762572.58,382,135,23,548,47,0.0,18270822.06,116140.08
2025-04-05,2610,1636000.0,0.0,146762572.58,382,135,23,554,47,0.0,18270822.06,131561.06
2025-04-06,2627,1706500.0,476868.09,146762572.58,382,135,23,558,47,0.0032,18270822.06,132409.13
2025-04-07,2641,2389000.0,407705.97,146762572.58,382,135,23,559,47,0.0028,18270822.06,121073.84
2025-04-08,2654,903500.0,291348.34,146762572.58,382,135,23,564,49,0.002,18270822.06,129111.67
2025-04-09,2661,1693500.0,485694.71,146762572.58,382,135,23,566,49,0.0033,18270822.06,135994.42
2025-04-10,2672,1423000.0,249518.47,146762572.58,382,135,23,567,49,0.0017,18270822.06,87904.43
2025-04-11,2680,369000.0,518197.35,146762572.58,382,135,23,570,49,0.0035,18270822.06,95693.1
2025-04-12,2693,1527500.0,251923.97,146762572.58,382,135,23,575,49,0.0017,18270822.06,151927.91
2025-04-13,2708,1931500.0,325441.2,146762572.58,382,135,23,580,49,0.0022,18270822.06,122783.43
2025-04-14,2720,1207000.0,360394.27,146762572.58,382,135,23,582,49,0.0025,18270822.06,142811.0
2025-04-15,2734,1372000.0,608279.83,146762572.58,382,135,23,584,50,0.0041,18270822.06,137533.27
2025-04-16,2745,627500.0,349431.63,146762572.58,382,135,23,585,50,0.0024,18270822.06,127290.88
2025-04-17,2764,1286500.0,568831.52,146762572.58,382,135,23,589,51,0.0039,18270822.06,112657.76
2025-04-18,2787,2308000.0,318324.59,146762572.58,382,135,23,594,51,0.0022,18270822.06,163702.43
2025-04-19,2797,1061500.0,346687.24,146762572.58,382,135,23,597,51,0.0024,18270822.06,195224.31
2025-04-20,2802,1531500.0,698688.46,146762572.58,382,135,23,598,52,0.0048,18270822.06,145508.9
2025-04-21,2814,1409500.0,223398.52,146762572.58,382,135,23,601,52,0.0015,18270822.06,135305.56
2025-04-22,2823,1455500.0,482592.77,146762572.58,382,135,23,603,52,0.0033,18270822.06,103576.52
2025-04-23,2835,1416500.0,228210.73,146762572.58,382,135,23,605,52,0.0016,18270822.06,153608.18
2025-04-24,2843,1587500.0,575983.3,146762572.58,382,135,23,607,52,0.0039,18270822.06,105111.71
2025-04-25,2852,1183500.0,390584.9,146762572.58,382,135,23,610,52,0.0027,18270822.06,141459.02
2025-04-26,2865,1329500.0,413052.82,146762572.58,382,135,23,614,52,0.0028,18270822.06,159098.13
2025-04-27,2872,683500.0,342490.33,146762572.58,382,135,23,614,52,0.0023,18270822.06,153587.55
2025-04-28,2884,1666500.0,475911.33,146762572.58,382,135,23,616,52,0.0032,18270822.06,145070.37
2025-04-29,2896,854500.0,469130.88,146762572.58,382,135,23,617,52,0.0032,18270822.06,90662.39
2025-04-30,2909,988500.0,524664.18,164922771.79,465,192,41,620,52,0.0032,20556002.68,194266.29
2025-05-01,2918,1084000.0,0.0,164922771.79,465,192,41,622,52,0.0,20556002.68,147832.48
2025-05-02,2934,1337000.0,0.0,164922771.79,465,192,41,625,52,0.0,20556002.68,144489.01
2025-05-03,2942,1652500.0,0.0,164922771.79,465,192,41,626,52,0.0,20556002.68,159849.88
2025-05-04,2951,1435500.0,0.0,164922771.79,465,192,41,627,52,0.0,20556002.68,123352.85
2025-05-05,2970,2633500.0,0.0,164922771.79,465,192,41,631,52,0.0,20556002.68,184257.07
2025-05-06,2980,679000.0,0.0,164922771.79,465,192,41,633,52,0.0,20556002.68,164680.05
2025-05-07,2991,1667500.0,381097.29,164922771.79,465,192,41,635,53,0.0023,20556002.68,124766.13
2025-05-08,3006,1185500.0,340094.63,164922771.79,465,192,41,638,54,0.0021,20556002.68,153757.59
2025-05-09,3015,1214500.0,242806.29,164922771.79,465,192,41,640,54,0.0015,20556002.68,120894.1
2025-05-10,3021,825500.0,354692.95,164922771.79,465,192,41,643,54,0.0022,20556002.68,106303.91
2025-05-11,3035,1412500.0,275261.79,164922771.79,465,192,41,643,54,0.0017,20556002.68,127970.69
2025-05-12,3048,1598500.0,560334.14,164922771.79,465,192,41,646,54,0.0034,20556002.68,120914.87
2025-05-13,3056,1407500.0,265140.28,164922771.79,465,192,41,649,54,0.0016,20556002.68,145163.41
2025-05-14,3069,2028500.0,470584.1,164922771.79,465,192,41,650,54,0.0029,20556002.68,130796.58
2025-05-15,3084,803500.0,378758.24,164922771.79,465,192,41,654,54,0.0023,20556002.68,191966.48
2025-05-16,3097,1211500.0,491053.54,164922771.79,465,192,41,657,54,0.003,20556002.68,106812.56
2025-05-17,3100,740000.0,504042.23,164922771.79,465,192,41,658,54,0.0031,20556002.68,141302.28
2025-05-18,3114,1385500.0,531739.42,164922771.79,465,192,41,658,54,0.0032,20556002.68,179492.81
2025-05-19,3120,1079500.0,362169.74,164922771.79,465,192,41,661,54,0.0022,20556002.68,160492.68
2025-05-20,3125,899000.0,503260.36,164922771.79,465,192,41,661,54,0.0031,20556002.68,177819.58
2025-05-21,3136,1326500.0,387285.57,164922771.79,465,192,41,662,54,0.0023,20556002.68,124355.83
2025-05-22,3152,1995500.0,407864.83,164922771.79,465,192,41,665,54,0.0025,20556002.68,139019.24
2025-05-23,3164,1399500.0,329766.22,164922771.79,465,192,41,668,55,0.002,20556002.68,130057.5
2025-05-24,3174,2689000.0,266556.85,164922771.79,465,192,41,670,55,0.0016,20556002.68,106145.69
2025-05-25,3176,415000.0,454146.46,164922771.79,465,192,41,671,55,0.0028,20556002.68,164477.17
2025-05-26,3193,1449500.0,524698.61,164922771.79,465,192,41,673,55,0.0032,20556002.68,153364.48
2025-05-27,3204,1388000.0,471502.62,164922771.79,465,192,41,676,55,0.0029,20556002.68,132446.52
2025-05-28,3218,1791500.0,521026.89,164922771.79,465,192,41,676,55,0.0032,20556002.68,138658.28
2025-05-29,3235,915500.0,405979.76,164922771.79,465,192,41,679,55,0.0025,20556002.68,139391.66
2025-05-30,3250,1303500.0,385369.82,164922771.79,465,192,41,679,55,0.0023,20556002.68,163943.5
2025-05-31,3270,2365500.0,135107.0,180903207.58,550,278,73,683,55,0.0007,22933372.15,142219.18
2025-06-01,3285,1733000.0,0.0,180903207.58,550,278,73,687,55,0.0,22933372.15,158622.76
2025-06-02,3297,967000.0,0.0,180903207.58,550,278,73,690,56,0.0,22933372.15,139462.99
2025-06-03,3306,972000.0,0.0,180903207.58,550,278,73,693,57,0.0,22933372.15,217395.91
2025-06-04,3313,1460000.0,0.0,180903207.58,550,278,73,694,57,0.0,22933372.15,155870.49
2025-06-05,3315,366000.0,0.0,180903207.58,550,278,73,695,57,0.0,22933372.15,195124.65
2025-06-06,3332,1386000.0,594765.86,180903207.58,550,278,73,698,57,0.0033,22933372.15,147020.01
2025-06-07,3350,2350500.0,773260.85,180903207.58,550,278,73,704,57,0.0043,22933372.15,138210.95
2025-06-08,3364,1659000.0,444436.58,180903207.58,550,278,73,707,57,0.0025,22933372.15,144412.4
2025-06-09,3374,994000.0,555616.31,180903207.58,550,278,73,712,57,0.0031,22933372.15,143454.69
2025-06-10,3392,1785500.0,310506.98,180903207.58,550,278,73,716,58,0.0017,22933372.15,158591.45
2025-06-11,3397,1010500.0,366401.31,180903207.58,550,278,73,717,58,0.002,22933372.15,119731.73
2025-06-12,3412,2075500.0,509707.5,180903207.58,550,278,73,721,58,0.0028,22933372.15,143068.39
2025-06-13,3420,1453000.0,357566.43,180903207.58,550,278,73,724,58,0.002,22933372.15,156186.61
2025-06-14,3434,897000.0,475234.71,180903207.58,550,278,73,726,58,0.0026,22933372.15,184462.02
2025-06-15,3449,2644500.0,557172.77,180903207.58,550,278,73,727,58,0.0031,22933372.15,181848.41
2025-06-16,3460,1322000.0,493263.11,180903207.58,550,278,73,730,58,0.0027,22933372.15,147741.82
2025-06-17,3471,1883000.0,714070.17,180903207.58,550,278,73,733,59,0.0039,22933372.15,161167.64
2025-06-18,3487,2484500.0,508779.72,180903207.58,550,278,73,735,59,0.0028,22933372.15,141896.3
2025-06-19,3500,1333500.0,812519.98,180903207.58,550,278,73,739,59,0.0045,22933372.15,155430.53
2025-06-20,3517,1868000.0,576205.47,180903207.58,550,278,73,741,59,0.0032,22933372.15,179796.9
2025-06-21,3526,2262500.0,527090.85,180903207.58,550,278,73,743,59,0.0029,22933372.15,136534.68
2025-06-22,3537,1320500.0,540864.84,180903207.58,550,278,73,746,59,0.003,22933372.15,171858.13
2025-06-23,3561,3185000.0,669199.2,180903207.58,550,278,73,751,59,0.0037,22933372.15,212078.52
2025-06-24,3578,2003000.0,410219.15,180903207.58,550,278,73,756,59,0.0023,22933372.15,153635.68
2025-06-25,3588,1553500.0,294202.25,180903207.58,550,278,73,759,59,0.0016,22933372.15,124186.46
2025-06-26,3602,2119000.0,639786.78,180903207.58,550,278,73,761,59,0.0035,22933372.15,194387.54
2025-06-27,3622,2042000.0,354539.84,180903207.58,550,278,73,763,59,0.002,22933372.15,182606.98
2025-06-28,3632,1811000.0,454989.45,180903207.58,550,278,73,764,60,0.0025,22933372.15,149586.59
2025-06-29,3653,1879500.0,397880.59,180903207.58,550,278,73,767,60,0.0022,22933372.15,167443.68
2025-06-30,3659,1142000.0,461701.5,199460762.15,663,344,111,770,61,0.0023,25629893.61,183163.8
2025-07-01,3674,2435500.0,0.0,199460762.15,663,344,111,773,61,0.0,25629893.61,167623.92
2025-07-02,3688,1888000.0,0.0,199460762.15,663,344,111,774,61,0.0,25629893.61,135665.01
2025-07-03,3695,1362000.0,0.0,199460762.15,663,344,111,778,61,0.0,25629893.61,194975.73
2025-07-04,3706,1625500.0,0.0,199460762.15,663,344,111,778,61,0.0,25629893.61,179572.78
2025-07-05,3727,1198000.0,0.0,199460762.15,663,344,111,783,61,0.0,25629893.61,162897.5
2025-07-06,3749,1571500.0,0.0,199460762.15,663,344,111,787,61,0.0,25629893.61,156636.65
2025-07-07,3764,2459000.0,974656.19,199460762.15,663,344,111,791,61,0.0049,25629893.61,198513.18
2025-07-08,3773,1880000.0,466731.07,199460762.15,663,344,111,794,61,0.0023,25629893.61,175950.09
2025-07-09,3779,1801000.0,601456.6,199460762.15,663,344,111,799,62,0.003,25629893.61,152652.49
2025-07-10,3794,2688000.0,312036.99,199460762.15,663,344,111,803,62,0.0016,25629893.61,195563.85
2025-07-11,3799,1584000.0,807581.74,199460762.15,663,344,111,804,62,0.004,25629893.61,127900.59
2025-07-12,3808,868500.0,484303.13,199460762.15,663,344,111,806,62,0.0024,25629893.61,161038.84
2025-07-13,3821,1060500.0,337287.26,199460762.15,663,344,111,808,62,0.0017,25629893.61,200165.96
2025-07-14,3833,1749000.0,374152.94,199460762.15,663,344,111,811,62,0.0019,25629893.61,251133.25
2025-07-15,3849,2351500.0,545093.22,199460762.15,663,344,111,813,62,0.0027,25629893.61,163628.43
2025-07-16,3862,2542500.0,524190.02,199460762.15,663,344,111,816,62,0.0026,25629893.61,153530.3
2025-07-17,3862,939500.0,522991.62,199460762.15,663,344,111,818,62,0.0026,25629893.61,155093.92
2025-07-18,3876,1287500.0,596692.46,199460762.15,663,344,111,819,62,0.003,25629893.61,208312.76
2025-07-19,3889,1562000.0,583848.47,199460762.15,663,344,111,822,62,0.0029,25629893.61,155370.17
2025-07-20,3902,1365000.0,661914.1,199460762.15,663,344,111,825,62,0.0033,25629893.61,181904.51
2025-07-21,3917,2225000.0,267964.06,199460762.15,663,344,111,827,62,0.0013,25629893.61,172535.68
2025-07-22,3932,1771000.0,575464.56,199460762.15,663,344,111,829,62,0.0029,25629893.61,173494.43
2025-07-23,3945,1527500.0,671150.05,199460762.15,663,344,111,832,62,0.0034,25629893.61,194190.35
2025-07-24,3958,2123500.0,699528.22,199460762.15,663,344,111,836,62,0.0035,25629893.61,219440.21
2025-07-25,3966,2243500.0,440361.24,199460762.15,663,344,111,840,62,0.0022,25629893.61,202113.75
2025-07-26,3983,2092500.0,342321.57,199460762.15,663,344,111,843,62,0.0017,25629893.61,231972.46
2025-07-27,3990,1447500.0,536200.85,199460762.15,663,344,111,844,63,0.0027,25629893.61,196855.54
2025-07-28,4000,1849000.0,483360.71,199460762.15,663,344,111,848,64,0.0024,25629893.61,208640.21
2025-07-29,4008,2014500.0,532443.88,199460762.15,663,344,111,849,64,0.0027,25629893.61,190085.97
2025-07-30,4023,1781000.0,559051.46,199460762.15,663,344,111,850,64,0.0028,25629893.61,142757.9
2025-07-31,4035,1682000.0,753030.12,222476479.92,742,439,155,853,64,0.0034,28615430.01,127509.45
2025-08-01,4043,1188000.0,0.0,222476479.92,742,439,155,854,64,0.0,28615430.01,174731.87
2025-08-02,4058,2155500.0,0.0,222476479.92,742,439,155,857,64,0.0,28615430.01,162323.66
2025-08-03,4064,1061500.0,0.0,222476479.92,742,439,155,861,64,0.0,28615430.01,221844.82
2025-08-04,4078,1899500.0,0.0,222476479.92,742,439,155,863,64,0.0,28615430.01,212418.27
2025-08-05,4096,2369500.0,0.0,222476479.92,742,439,155,870,67,0.0,28615430.01,200077.16
2025-08-06,4107,1962000.0,0.0,222476479.92,742,439,155,870,67,0.0,28615430.01,167811.74
2025-08-07,4122,1294000.0,312509.18,222476479.92,742,439,155,872,67,0.0014,28615430.01,178951.75
2025-08-08,4132,1625000.0,455832.99,222476479.92,742,439,155,874,67,0.002,28615430.01,176004.23
2025-08-09,4143,2795000.0,888705.67,222476479.92,742,439,155,875,67,0.004,28615430.01,175032.49
2025-08-10,4157,1864000.0,445308.78,222476479.92,742,439,155,878,67,0.002,28615430.01,178031.51
2025-08-11,4175,1922000.0,481334.95,222476479.92,742,439,155,880,67,0.0022,28615430.01,167711.98
2025-08-12,4189,2367500.0,528704.02,222476479.92,742,439,155,886,67,0.0024,28615430.01,153197.48
2025-08-13,4211,3874500.0,475985.97,222476479.92,742,439,155,891,69,0.0021,28615430.01,179852.31
2025-08-14,4219,1656000.0,496163.4,222476479.92,742,439,155,893,69,0.0022,28615430.01,170196.03
2025-08-15,4234,1885000.0,675397.58,222476479.92,742,439,155,893,69,0.003,28615430.01,247027.36
2025-08-16,4242,1226500.0,389456.53,222476479.92,742,439,155,894,70,0.0018,28615430.01,225223.99
2025-08-17,4260,2301500.0,509930.02,222476479.92,742,439,155,900,70,0.0023,28615430.01,164389.53
2025-08-18,4273,1486500.0,477849.63,222476479.92,742,439,155,900,70,0.0021,28615430.01,194792.97
2025-08-19,4293,2858000.0,616323.1,222476479.92,742,439,155,902,71,0.0028,28615430.01,210162.31
2025-08-20,4313,1880000.0,626708.41,222476479.92,742,439,155,903,71,0.0028,28615430.01,178182.97
2025-08-21,4327,1749000.0,226347.5,222476479.92,742,439,155,909,72,0.001,28615430.01,196411.38
2025-08-22,4349,3304500.0,866805.99,222476479.92,742,439,155,914,73,0.0039,28615430.01,202000.6
2025-08-23,4366,2470500.0,489746.39,222476479.92,742,439,155,920,73,0.0022,28615430.01,237190.08
2025-08-24,4389,2483000.0,581945.68,222476479.92,742,439,155,925,74,0.0026,28615430.01,183557.16
2025-08-25,4402,2020500.0,333748.23,222476479.92,742,439,155,925,74,0.0015,28615430.01,175364.54
2025-08-26,4413,1425500.0,621141.05,222476479.92,742,439,155,926,74,0.0028,28615430.01,235996.01
2025-08-27,4432,1589500.0,432228.56,222476479.92,742,439,155,930,74,0.0019,28615430.01,169935.83
2025-08-28,4462,3321500.0,602050.56,222476479.92,742,439,155,936,75,0.0027,28615430.01,181655.71
2025-08-29,4482,2065000.0,348693.07,222476479.92,742,439,155,943,78,0.0016,28615430.01,183926.71
2025-08-30,4495,1540000.0,342235.61,222476479.92,742,439,155,949,80,0.0015,28615430.01,189169.81
2025-08-31,4503,1476000.0,742302.17,244921149.03,867,537,262,952,80,0.003,32464458.73,143524.33
2025-09-01,4516,1900000.0,0.0,244921149.03,867,537,262,954,80,0.0,32464458.73,177101.22
2025-09-02,4524,1729500.0,0.0,244921149.03,867,537,262,957,80,0.0,32464458.73,159800.8
2025-09-03,4530,1163500.0,0.0,244921149.03,867,537,262,961,81,0.0,32464458.73,188159.29
2025-09-04,4549,2823000.0,0.0,244921149.03,867,537,262,964,81,0.0,32464458.73,182711.35
2025-09-05,4569,2501000.0,0.0,244921149.03,867,537,262,969,81,0.0,32464458.73,242995.18
2025-09-06,4610,3668000.0,516930.91,244921149.03,867,537,262,976,82,0.0021,32464458.73,178774.05
2025-09-07,4638,3835000.0,755814.66,244921149.03,867,537,262,982,82,0.0031,32464458.73,223709.56
2025-09-08,4669,2898500.0,733048.72,244921149.03,867,537,262,985,82,0.003,32464458.73,196711.08
2025-09-09,4699,4149500.0,812522.84,244921149.03,867,537,262,990,83,0.0033,32464458.73,165071.46
2025-09-10,4724,2672000.0,612806.01,244921149.03,867,537,262,997,83,0.0025,32464458.73,155418.45
2025-09-11,4759,3934000.0,814455.31,244921149.03,867,537,262,1004,83,0.0033,32464458.73,162431.18
2025-09-12,4783,3267500.0,468723.6,244921149.03,867,537,262,1007,83,0.0019,32464458.73,183745.14
2025-09-13,4808,2326500.0,689804.78,244921149.03,867,537,262,1015,85,0.0028,32464458.73,196948.47
2025-09-14,4841,3728500.0,576330.56,244921149.03,867,537,262,1019,86,0.0024,32464458.73,200801.81
2025-09-15,4864,2597500.0,411976.81,244921149.03,867,537,262,1024,87,0.0017,32464458.73,205934.56
2025-09-16,4888,2507000.0,477258.29,244921149.03,867,537,262,1032,87,0.0019,32464458.73,218371.35
2025-09-17,4904,2396000.0,1344025.43,244921149.03,867,537,262,1033,87,0.0055,32464458.73,262086.06
2025-09-18,4939,3973000.0,832172.55,244921149.03,867,537,262,1040,87,0.0034,32464458.73,154372.69
2025-09-19,4965,3627500.0,531481.83,244921149.03,867,537,262,1050,88,0.0022,32464458.73,241482.37
2025-09-20,4992,3474000.0,1055770.01,244921149.03,867,537,262,1056,89,0.0043,32464458.73,216513.24
2025-09-21,5025,2935000.0,641607.78,244921149.03,867,537,262,1059,89,0.0026,32464458.73,235634.85
2025-09-22,5059,4298500.0,626098.96,244921149.03,867,537,262,1063,90,0.0026,32464458.73,220969.98
2025-09-23,5083,3007500.0,587069.17,244921149.03,867,537,262,1069,90,0.0024,32464458.73,260328.61
2025-09-24,5098,1557500.0,396617.63,244921149.03,867,537,262,1077,92,0.0016,32464458.73,224938.5
2025-09-25,5124,3292000.0,575378.68,244921149.03,867,537,262,1083,95,0.0023,32464458.73,178460.29
2025-09-26,5141,2701500.0,671281.28,244921149.03,867,537,262,1087,95,0.0027,32464458.73,240677.8
2025-09-27,5167,3469500.0,784953.54,244921149.03,867,537,262,1095,95,0.0032,32464458.73,206420.62
2025-09-28,5196,2690000.0,521441.66,244921149.03,867,537,262,1101,96,0.0021,32464458.73,273190.65
2025-09-29,5214,2793000.0,438739.79,244921149.03,867,537,262,1109,97,0.0018,32464458.73,241570.27
2025-09-30,5237,1926500.0,513923.48,288718759.3,1003,636,352,1117,97,0.0018,38055372.84,255739.03
2025-10-01,5258,2621000.0,0.0,288718759.3,1003,636,352,1122,97,0.0,38055372.84,281721.46
2025-10-02,5283,3151500.0,0.0,288718759.3,1003,636,352,1129,97,0.0,38055372.84,200631.06
2025-10-03,5322,3800500.0,0.0,288718759.3,1003,636,352,1138,97,0.0,38055372.84,232683.18
2025-10-04,5352,3887000.0,0.0,288718759.3,1003,636,352,1145,97,0.0,38055372.84,234311.63
2025-10-05,5386,4403000.0,0.0,288718759.3,1003,636,352,1155,97,0.0,38055372.84,262425.13
2025-10-06,5409,2803500.0,0.0,288718759.3,1003,636,352,1158,98,0.0,38055372.84,264444.88
2025-10-07,5422,2633000.0,708790.38,288718759.3,1003,636,352,1163,101,0.0025,38055372.84,310083.24
2025-10-08,5440,2090500.0,631829.04,288718759.3,1003,636,352,1167,101,0.0022,38055372.84,217694.43
2025-10-09,5468,2901000.0,912696.71,288718759.3,1003,636,352,1171,101,0.0032,38055372.84,281087.84
2025-10-10,5499,3147000.0,661330.49,288718759.3,1003,636,352,1180,103,0.0023,38055372.84,204460.19
2025-10-11,5535,3998500.0,594437.28,288718759.3,1003,636,352,1189,104,0.0021,38055372.84,257886.15
2025-10-12,5570,3376500.0,1166036.65,288718759.3,1003,636,352,1195,104,0.004,38055372.84,252674.61
2025-10-13,5599,3217500.0,700311.77,288718759.3,1003,636,352,1202,104,0.0024,38055372.84,306629.21
2025-10-14,5624,2936000.0,959441.2,288718759.3,1003,636,352,1210,107,0.0033,38055372.84,235737.56
2025-10-15,5655,2880500.0,780018.49,288718759.3,1003,636,352,1211,107,0.0027,38055372.84,241534.91
2025-10-16,5689,4310000.0,680514.88,288718759.3,1003,636,352,1217,107,0.0024,38055372.84,258405.03
2025-10-17,5711,3329500.0,496025.95,288718759.3,1003,636,352,1223,108,0.0017,38055372.84,220832.65
2025-10-18,5738,3445000.0,1005807.75,288718759.3,1003,636,352,1225,109,0.0035,38055372.84,197894.86
2025-10-19,5765,3707000.0,885468.8,288718759.3,1003,636,352,1235,111,0.0031,38055372.84,266934.53
2025-10-20,5799,4290000.0,1047388.64,288718759.3,1003,636,352,1242,111,0.0036,38055372.84,282324.36
2025-10-21,5831,4333000.0,808162.47,288718759.3,1003,636,352,1247,111,0.0028,38055372.84,307664.44
2025-10-22,5856,2816000.0,1114977.14,288718759.3,1003,636,352,1254,111,0.0039,38055372.84,266148.6
2025-10-23,5859,2843000.0,887359.91,288718759.3,1003,636,352,1259,113,0.0031,38055372.84,218855.06
2025-10-24,5878,2735500.0,770572.86,288718759.3,1003,636,352,1261,113,0.0027,38055372.84,275633.96
2025-10-25,5914,3578500.0,951801.99,288718759.3,1003,636,352,1273,113,0.0033,38055372.84,266923.23
2025-10-26,5954,4706500.0,822843.84,288718759.3,1003,636,352,1277,113,0.0028,38055372.84,289712.55
2025-10-27,5985,3465500.0,1347277.3,288718759.3,1003,636,352,1286,115,0.0047,38055372.84,239499.53
2025-10-28,6025,3727500.0,569797.79,288718759.3,1003,636,352,1295,117,0.002,38055372.84,297657.99
2025-10-29,6056,3949500.0,864012.09,288718759.3,1003,636,352,1300,117,0.003,38055372.84,229762.44
2025-10-30,6090,3398000.0,945390.51,288718759.3,1003,636,352,1307,117,0.0033,38055372.84,247117.22
2025-10-31,6114,2326500.0,854318.94,348514386.65,1370,828,476,1310,117,0.0025,45451579.94,157891.67
2025-11-01,6142,3395000.0,0.0,348514386.65,1370,828,476,1319,117,0.0,45451579.94,223344.49
2025-11-02,6176,3408000.0,0.0,348514386.65,1370,828,476,1328,117,0.0,45451579.94,248024.33
2025-11-03,6205,3855000.0,0.0,348514386.65,1370,828,476,1336,119,0.0,45451579.94,262055.21
2025-11-04,6247,3844500.0,0.0,348514386.65,1370,828,476,1343,119,0.0,45451579.94,313449.73
2025-11-05,6294,4954500.0,0.0,348514386.65,1370,828,476,1356,119,0.0,45451579.94,245789.62
2025-11-06,6327,3967000.0,1257905.92,348514386.65,1370,828,476,1364,119,0.0036,45451579.94,299895.18
2025-11-07,6351,3094000.0,1127843.15,348514386.65,1370,828,476,1370,119,0.0032,45451579.94,272841.68
2025-11-08,6395,4542000.0,978997.49,348514386.65,1370,828,476,1378,119,0.0028,45451579.94,194173.23
2025-11-09,6437,4834500.0,979849.11,348514386.65,1370,828,476,1387,120,0.0028,45451579.94,317728.06
2025-11-10,6474,4337500.0,626706.77,348514386.65,1370,828,476,1391,120,0.0018,45451579.94,294576.65
2025-11-11,6507,4089000.0,952827.65,348514386.65,1370,828,476,1395,121,0.0027,45451579.94,314429.81
2025-11-12,6527,3203500.0,846030.57,348514386.65,1370,828,476,1405,122,0.0024,45451579.94,257554.63
2025-11-13,6554,2430000.0,862519.39,348514386.65,1370,828,476,1410,123,0.0025,45451579.94,342050.84
2025-11-14,6583,3222000.0,985558.98,348514386.65,1370,828,476,1416,123,0.0028,45451579.94,324581.19
2025-11-15,6616,2804000.0,1477310.9,348514386.65,1370,828,476,1420,123,0.0042,45451579.94,314553.41
2025-11-16,6639,4231000.0,655692.87,348514386.65,1370,828,476,1423,124,0.0019,45451579.94,287382.11
2025-11-17,6661,3381000.0,600612.5,348514386.65,1370,828,476,1435,125,0.0017,45451579.94,275879.06
2025-11-18,6689,3309500.0,1260859.56,348514386.65,1370,828,476,1442,127,0.0036,45451579.94,305885.15
2025-11-19,6735,5677000.0,740079.24,348514386.65,1370,828,476,1449,129,0.0021,45451579.94,347826.17
2025-11-20,6769,4122000.0,812187.59,348514386.65,1370,828,476,1454,129,0.0023,45451579.94,277068.62
2025-11-21,6814,4711000.0,867774.25,348514386.65,1370,828,476,1461,130,0.0025,45451579.94,319951.56
2025-11-22,6833,2653000.0,803200.64,348514386.65,1370,828,476,1469,133,0.0023,45451579.94,298506.77
2025-11-23,6862,4566500.0,1072116.8,348514386.65,1370,828,476,1477,135,0.0031,45451579.94,260085.77
2025-11-24,6874,2388500.0,464149.05,348514386.65,1370,828,476,1480,136,0.0013,45451579.94,240688.57
2025-11-25,6886,1951500.0,906892.85,348514386.65,1370,828,476,1485,136,0.0026,45451579.94,260439.92
2025-11-26,6915,3929500.0,946735.01,348514386.65,1370,828,476,1492,137,0.0027,45451579.94,335864.92
2025-11-27,6945,3663000.0,792725.93,348514386.65,1370,828,476,1495,137,0.0023,45451579.94,328200.84
2025-11-28,6971,3254000.0,917356.87,348514386.65,1370,828,476,1501,138,0.0026,45451579.94,359227.8
2025-11-29,7009,4086500.0,1104330.27,348514386.65,1370,828,476,1506,138,0.0032,45451579.94,290668.44
2025-11-30,7051,5502000.0,866828.49,400637036.6,1674,973,611,1515,140,0.0022,52697790.79,328115.35
2025-12-01,7099,5491000.0,0.0,400637036.6,1674,973,611,1527,142,0.0,52697790.79,290688.74
2025-12-02,7121,3576000.0,0.0,400637036.6,1674,973,611,1534,143,0.0,52697790.79,283048.1
2025-12-03,7147,3610500.0,0.0,400637036.6,1674,973,611,1541,145,0.0,52697790.79,336400.98
2025-12-04,7169,2615500.0,0.0,400637036.6,1674,973,611,1546,145,0.0,52697790.79,360056.2
2025-12-05,7199,4959000.0,0.0,400637036.6,1674,973,611,1553,147,0.0,52697790.79,311524.89
2025-12-06,7237,5442500.0,0.0,400637036.6,1674,973,611,1558,147,0.0,52697790.79,340675.16
2025-12-07,7256,1331500.0,965631.11,400637036.6,1674,973,611,1563,147,0.0024,52697790.79,318722.51
2025-12-08,7281,3284000.0,608381.53,400637036.6,1674,973,611,1567,147,0.0015,52697790.79,299730.14
2025-12-09,7317,4652000.0,1286502.07,400637036.6,1674,973,611,1576,147,0.0032,52697790.79,375765.2
2025-12-10,7358,4552000.0,1308144.73,400637036.6,1674,973,611,1585,148,0.0033,52697790.79,324635.72
2025-12-11,7380,3123000.0,877715.3,400637036.6,1674,973,611,1592,151,0.0022,52697790.79,347509.83
2025-12-12,7401,3019500.0,1008547.79,400637036.6,1674,973,611,1599,151,0.0025,52697790.79,328954.19
2025-12-13,7430,4789500.0,781590.6,400637036.6,1674,973,611,1604,151,0.002,52697790.79,407163.8
2025-12-14,7452,3178000.0,802189.09,400637036.6,1674,973,611,1608,151,0.002,52697790.79,351041.68
2025-12-15,7476,4735500.0,1017594.7,400637036.6,1674,973,611,1614,153,0.0025,52697790.79,288081.0
2025-12-16,7513,4165500.0,1156014.26,400637036.6,1674,973,611,1618,154,0.0029,52697790.79,342138.06
2025-12-17,7548,5241500.0,705836.87,400637036.6,1674,973,611,1627,156,0.0018,52697790.79,289924.27
2025-12-18,7578,2740500.0,997505.49,400637036.6,1674,973,611,1639,158,0.0025,52697790.79,377908.42
2025-12-19,7612,4268500.0,893773.13,400637036.6,1674,973,611,1644,159,0.0022,52697790.79,333714.04
2025-12-20,7642,4143000.0,926192.47,400637036.6,1674,973,611,1650,159,0.0023,52697790.79,347009.49
2025-12-21,7678,3525500.0,1271338.69,400637036.6,1674,973,611,1659,160,0.0032,52697790.79,393640.7
2025-12-22,7699,3449000.0,852603.88,400637036.6,1674,973,611,1665,160,0.0021,52697790.79,296004.81
2025-12-23,7731,5264000.0,926104.75,400637036.6,1674,973,611,1674,161,0.0023,52697790.79,351458.0
2025-12-24,7758,3875500.0,1207716.08,400637036.6,1674,973,611,1677,161,0.003,52697790.79,321306.01
2025-12-25,7788,3569500.0,931552.35,400637036.6,1674,973,611,1682,161,0.0023,52697790.79,275883.08
2025-12-26,7803,2335500.0,615686.9,400637036.6,1674,973,611,1688,162,0.0015,52697790.79,404148.59
2025-12-27,7823,4444000.0,1326560.8,400637036.6,1674,973,611,1694,163,0.0033,52697790.79,322609.37
2025-12-28,7856,4021000.0,618382.19,400637036.6,1674,973,611,1701,164,0.0015,52697790.79,382314.51
2025-12-29,7874,4631000.0,1305919.66,400637036.6,1674,973,611,1711,166,0.0033,52697790.79,330743.55
2025-12-30,7897,3316500.0,1702822.12,400637036.6,1674,973,611,1719,168,0.0043,52697790.79,384069.77
2025-12-31,7927,3722000.0,1073260.52,459964370.28,2011,1195,775,1728,168,0.0023,60531682.25,271509.71
2026-01-01,7957,3509000.0,0.0,459964370.28,2011,1195,775,1737,170,0.0,60531682.25,256717.7
2026-01-02,7985,3717000.0,0.0,459964370.28,2011,1195,775,1742,170,0.0,60531682.25,311080.06
2026-01-03,8010,3189500.0,0.0,459964370.28,2011,1195,775,1750,170,0.0,60531682.25,337859.57
2026-01-04,8017,2014000.0,0.0,459964370.28,2011,1195,775,1753,170,0.0,60531682.25,359332.29
2026-01-05,8031,2887500.0,0.0,459964370.28,2011,1195,775,1760,170,0.0,60531682.25,389282.9
2026-01-06,8048,2758500.0,0.0,459964370.28,2011,1195,775,1764,170,0.0,60531682.25,407361.87
2026-01-07,8067,2964500.0,919728.55,459964370.28,2011,1195,775,1767,171,0.002,60531682.25,352618.65
2026-01-08,8083,3517000.0,1313563.34,459964370.28,2011,1195,775,1771,171,0.0029,60531682.25,292723.88
2026-01-09,8107,3122500.0,1012227.78,459964370.28,2011,1195,775,1774,171,0.0022,60531682.25,429644.92
2026-01-10,8124,2907000.0,1130167.14,459964370.28,2011,1195,775,1782,173,0.0025,60531682.25,362847.69
2026-01-11,8130,1426000.0,846185.52,459964370.28,2011,1195,775,1786,173,0.0018,60531682.25,359029.79
2026-01-12,8154,4163000.0,1314152.12,459964370.28,2011,1195,775,1792,174,0.0029,60531682.25,355843.43
2026-01-13,8182,3498500.0,1154285.84,459964370.28,2011,1195,775,1799,174,0.0025,60531682.25,377745.06
2026-01-14,8199,2826500.0,955621.14,459964370.28,2011,1195,775,1806,174,0.0021,60531682.25,414813.55
2026-01-15,8222,3881500.0,1338052.52,459964370.28,2011,1195,775,1809,174,0.0029,60531682.25,299930.15
2026-01-16,8240,1518500.0,1680085.64,459964370.28,2011,1195,775,1818,175,0.0037,60531682.25,373505.52
2026-01-17,8263,3289000.0,1122078.28,459964370.28,2011,1195,775,1825,176,0.0024,60531682.25,339230.14
2026-01-18,8293,4765500.0,1290839.6,459964370.28,2011,1195,775,1829,177,0.0028,60531682.25,364015.87
2026-01-19,8312,3139500.0,1251071.99,459964370.28,2011,1195,775,1832,177,0.0027,60531682.25,390654.85
2026-01-20,8328,2268000.0,1416815.88,459964370.28,2011,1195,775,1836,178,0.0031,60531682.25,417360.78
2026-01-21,8345,2529500.0,1490665.24,459964370.28,2011,1195,775,1840,178,0.0032,60531682.25,417353.36
2026-01-22,8374,4299000.0,1135882.68,459964370.28,2011,1195,775,1846,179,0.0025,60531682.25,354657.04
2026-01-23,8384,2494500.0,1463803.71,459964370.28,2011,1195,775,1851,179,0.0032,60531682.25,396705.34
2026-01-24,8404,3715500.0,1046941.76,459964370.28,2011,1195,775,1858,179,0.0023,60531682.25,376880.9
2026-01-25,8427,2795500.0,1379697.59,459964370.28,2011,1195,775,1865,180,0.003,60531682.25,375012.1
2026-01-26,8441,3590000.0,1108860.89,459964370.28,2011,1195,775,1872,182,0.0024,60531682.25,368959.56
2026-01-27,8458,2778500.0,1091490.81,459964370.28,2011,1195,775,1875,182,0.0024,60531682.25,381393.08
2026-01-28,8482,2630000.0,1190649.95,459964370.28,2011,1195,775,1883,184,0.0026,60531682.25,428875.38
2026-01-29,8510,3442000.0,894146.22,459964370.28,2011,1195,775,1888,184,0.0019,60531682.25,375949.86
2026-01-30,8537,3491500.0,948811.64,459964370.28,2011,1195,775,1894,184,0.0021,60531682.25,348473.42
2026-01-31,8570,2709500.0,880191.72,488961596.58,2067,1382,933,1906,184,0.0018,64932609.18,291242.91
2026-02-01,8587,2449000.0,0.0,488961596.58,2067,1382,933,1908,184,0.0,64932609.18,425184.06
2026-02-02,8613,3663000.0,0.0,488961596.58,2067,1382,933,1916,185,0.0,64932609.18,338240.43
2026-02-03,8641,2897500.0,0.0,488961596.58,2067,1382,933,1920,186,0.0,64932609.18,348491.03
2026-02-04,8659,3149000.0,1087075.27,488961596.58,2067,1382,933,1923,187,0.0022,64932609.18,393338.9
2026-02-05,8669,2637000.0,1193495.28,488961596.58,2067,1382,933,1926,188,0.0024,64932609.18,384923.23
2026-02-06,8698,3632000.0,1135060.15,488961596.58,2067,1382,933,1937,190,0.0023,64932609.18,348926.18
2026-02-07,8713,2900000.0,1192726.27,488961596.58,2067,1382,933,1939,190,0.0024,64932609.18,388506.61
2026-02-08,8728,3165000.0,1224865.1,488961596.58,2067,1382,933,1945,192,0.0025,64932609.18,338327.56
2026-02-09,8746,4523000.0,1293477.22,488961596.58,2067,1382,933,1950,193,0.0026,64932609.18,405467.04
2026-02-10,8775,4169000.0,1183928.9,488961596.58,2067,1382,933,1959,195,0.0024,64932609.18,401943.16
2026-02-11,8798,2543500.0,679260.46,488961596.58,2067,1382,933,1961,195,0.0014,64932609.18,394366.55
2026-02-12,8811,2098500.0,798822.65,488961596.58,2067,1382,933,1966,195,0.0016,64932609.18,409343.31
2026-02-13,8833,2390500.0,853482.21,488961596.58,2067,1382,933,1972,196,0.0017,64932609.18,383874.18
2026-02-14,8854,3925500.0,1052531.08,488961596.58,2067,1382,933,1977,197,0.0022,64932609.18,412757.42
2026-02-15,8866,2136000.0,1163846.37,488961596.58,2067,1382,933,1983,198,0.0024,64932609.18,436017.77
2026-02-16,8888,3516500.0,1152391.9,488961596.58,2067,1382,933,1990,198,0.0024,64932609.18,361004.4
2026-02-17,8919,2927500.0,1010688.47,488961596.58,2067,1382,933,1994,198,0.0021,64932609.18,351342.74
2026-02-18,8933,3376000.0,1317718.12,488961596.58,2067,1382,933,2000,198,0.0027,64932609.18,370775.3
2026-02-19,8964,3667500.0,1142317.65,488961596.58,2067,1382,933,2006,199,0.0023,64932609.18,374200.12
2026-02-20,8977,2581500.0,1223153.12,488961596.58,2067,1382,933,2013,199,0.0025,64932609.18,353658.88
2026-02-21,9016,4044000.0,1427680.84,488961596.58,2067,1382,933,2021,200,0.0029,64932609.18,437021.49
2026-02-22,9025,2277000.0,874317.05,488961596.58,2067,1382,933,2026,200,0.0018,64932609.18,461430.29
2026-02-23,9059,3112500.0,1277201.76,488961596.58,2067,1382,933,2030,201,0.0026,64932609.18,447573.84
2026-02-24,9077,2927000.0,844995.6,488961596.58,2067,1382,933,2035,201,0.0017,64932609.18,315000.53
2026-02-25,9115,3063000.0,1161883.67,488961596.58,2067,1382,933,2041,202,0.0024,64932609.18,375781.51
2026-02-26,9143,3144000.0,992860.2,488961596.58,2067,1382,933,2048,203,0.002,64932609.18,349120.01
2026-02-27,9174,2975500.0,1365570.21,488961596.58,2067,1382,933,2057,203,0.0028,64932609.18,327787.28
2026-02-28,9207,4447000.0,1370527.4,518254855.29,2420,1705,1232,2071,206,0.0026,70225155.36,1000996.1
2026-03-01,9233,4038000.0,0.0,518254855.29,2420,1705,1232,2081,207,0.0,70225155.36,509886.0
2026-03-02,9254,3716000.0,0.0,518254855.29,2420,1705,1232,2091,208,0.0,70225155.36,439964.51
2026-03-03,9275,2748000.0,0.0,518254855.29,2420,1705,1232,2099,208,0.0,70225155.36,380317.92
2026-03-04,9303,3785000.0,0.0,518254855.29,2420,1705,1232,2103,208,0.0,70225155.36,421502.17
2026-03-05,9339,4283500.0,0.0,518254855.29,2420,1705,1232,2114,209,0.0,70225155.36,423083.85
2026-03-06,9385,6281000.0,0.0,518254855.29,2420,1705,1232,2127,211,0.0,70225155.36,452523.63
2026-03-07,9413,4129500.0,1532739.62,518254855.29,2420,1705,1232,2133,211,0.003,70225155.36,346535.09
2026-03-08,9456,3621500.0,1123100.1,518254855.29,2420,1705,1232,2139,211,0.0022,70225155.36,408870.24
2026-03-09,9500,4333500.0,1831309.58,518254855.29,2420,1705,1232,2143,212,0.0035,70225155.36,435725.36
2026-03-10,9538,4500500.0,1269911.17,518254855.29,2420,1705,1232,2150,212,0.0025,70225155.36,400615.23
2026-03-11,9571,5521500.0,1225069.4,518254855.29,2420,1705,1232,2158,213,0.0024,70225155.36,413191.51
2026-03-12,9594,3057500.0,1138947.35,518254855.29,2420,1705,1232,2163,213,0.0022,70225155.36,477322.47
2026-03-13,9620,3508500.0,1055708.89,518254855.29,2420,1705,1232,2170,213,0.002,70225155.36,412960.32
2026-03-14,9640,4149500.0,939404.82,518254855.29,2420,1705,1232,2178,214,0.0018,70225155.36,390085.58
2026-03-15,9666,3391500.0,1304700.34,518254855.29,2420,1705,1232,2185,216,0.0025,70225155.36,400537.95
2026-03-16,9700,5339500.0,1500265.29,518254855.29,2420,1705,1232,2194,217,0.0029,70225155.36,414432.42
2026-03-17,9735,3842500.0,1324217.63,518254855.29,2420,1705,1232,2201,218,0.0026,70225155.36,427099.83
2026-03-18,9766,2837500.0,1467757.7,518254855.29,2420,1705,1232,2207,219,0.0028,70225155.36,476556.09
2026-03-19,9805,4268500.0,1224217.04,518254855.29,2420,1705,1232,2213,219,0.0024,70225155.36,437294.79
2026-03-20,9832,4768500.0,972651.86,518254855.29,2420,1705,1232,2220,221,0.0019,70225155.36,402997.52
2026-03-21,9863,4263500.0,944127.85,518254855.29,2420,1705,1232,2230,222,0.0018,70225155.36,474348.96
2026-03-22,9900,5459500.0,1609981.35,518254855.29,2420,1705,1232,2241,223,0.0031,70225155.36,442170.02
2026-03-23,9941,4949500.0,1402361.7,518254855.29,2420,1705,1232,2253,224,0.0027,70225155.36,448754.58
2026-03-24,9965,3019000.0,1128097.62,518254855.29,2420,1705,1232,2260,226,0.0022,70225155.36,406679.74
2026-03-25,10003,4678500.0,1129333.94,518254855.29,2420,1705,1232,2272,227,0.0022,70225155.36,468173.48
2026-03-26,10049,6378500.0,1136080.07,518254855.29,2420,1705,1232,2281,229,0.0022,70225155.36,396802.0
2026-03-27,10088,5420000.0,1277002.93,518254855.29,2420,1705,1232,2292,231,0.0025,70225155.36,435544.45
2026-03-28,10138,7530000.0,582267.55,518254855.29,2420,1705,1232,2304,233,0.0011,70225155.36,375894.39
2026-03-29,10180,4995500.0,1078403.45,518254855.29,2420,1705,1232,2319,234,0.0021,70225155.36,369751.91
2026-03-30,10221,4346000.0,1100193.85,518254855.29,2420,1705,1232,2323,234,0.0021,70225155.36,393707.12
2026-03-31,10277,5835000.0,1057927.84,576466908.95,2829,2010,1570,2335,235,0.0018,80001697.62,281817.68
2026-04-01,10329,6015500.0,0.0,576466908.95,2829,2010,1570,2346,236,0.0,80001697.62,426538.66
2026-04-02,10361,4941500.0,0.0,576466908.95,2829,2010,1570,2349,236,0.0,80001697.62,409328.29
2026-04-03,10378,4074000.0,0.0,576466908.95,2829,2010,1570,2353,237,0.0,80001697.62,404053.93
2026-04-04,10438,7892000.0,0.0,576466908.95,2829,2010,1570,2366,238,0.0,80001697.62,356419.77
2026-04-05,10488,5481000.0,0.0,576466908.95,2829,2010,1570,2375,238,0.0,80001697.62,453984.45
2026-04-06,10539,5597500.0,1342970.29,576466908.95,2829,2010,1570,2382,239,0.0023,80001697.62,450655.69
2026-04-07,10594,5357500.0,1135132.0,576466908.95,2829,2010,1570,2389,239,0.002,80001697.62,420222.85
2026-04-08,10629,4222500.0,1361986.75,576466908.95,2829,2010,1570,2395,239,0.0024,80001697.62,505483.87
2026-04-09,10675,5984500.0,1159450.19,576466908.95,2829,2010,1570,2404,243,0.002,80001697.62,494334.01
2026-04-10,10712,4913500.0,1141742.49,576466908.95,2829,2010,1570,2414,245,0.002,80001697.62,484750.16
2026-04-11,10754,5749000.0,1700666.14,576466908.95,2829,2010,1570,2421,245,0.003,80001697.62,439998.15
2026-04-12,10807,5780000.0,1699773.55,576466908.95,2829,2010,1570,2430,245,0.0029,80001697.62,408873.48
2026-04-13,10853,6626500.0,1601501.29,576466908.95,2829,2010,1570,2443,248,0.0028,80001697.62,445184.59
2026-04-14,10894,4287000.0,1442140.18,576466908.95,2829,2010,1570,2452,249,0.0025,80001697.62,416940.57
2026-04-15,10927,5839500.0,1367116.74,576466908.95,2829,2010,1570,2461,249,0.0024,80001697.62,511709.81
2026-04-16,10969,5232500.0,1238495.21,576466908.95,2829,2010,1570,2473,250,0.0021,80001697.62,489471.62
2026-04-17,11010,7234000.0,1420475.28,576466908.95,2829,2010,1570,2484,251,0.0025,80001697.62,447462.14
2026-04-18,11044,5978000.0,1564486.65,576466908.95,2829,2010,1570,2491,251,0.0027,80001697.62,446387.76
2026-04-19,11087,5453500.0,1491242.6,576466908.95,2829,2010,1570,2507,252,0.0026,80001697.62,517917.46
2026-04-20,11124,3488500.0,1457365.11,576466908.95,2829,2010,1570,2519,253,0.0025,80001697.62,461554.27
2026-04-21,11163,5696000.0,1453868.26,576466908.95,2829,2010,1570,2527,254,0.0025,80001697.62,526317.1
2026-04-22,11212,5581500.0,1521131.98,576466908.95,2829,2010,1570,2534,254,0.0026,80001697.62,413789.01
2026-04-23,11245,4627000.0,1305382.23,576466908.95,2829,2010,1570,2542,255,0.0023,80001697.62,424868.34
2026-04-24,11302,7157500.0,1388938.78,576466908.95,2829,2010,1570,2550,257,0.0024,80001697.62,461056.5
2026-04-25,11356,7261000.0,1009169.08,576466908.95,2829,2010,1570,2555,257,0.0018,80001697.62,390893.84
2026-04-26,11405,6610000.0,1279663.96,576466908.95,2829,2010,1570,2563,257,0.0022,80001697.62,471374.88
2026-04-27,11433,5097000.0,1527625.55,576466908.95,2829,2010,1570,2569,257,0.0026,80001697.62,525512.13
2026-04-28,11487,6790500.0,1441991.55,576466908.95,2829,2010,1570,2578,257,0.0025,80001697.62,529531.23
2026-04-29,11539,5829000.0,1365749.63,576466908.95,2829,2010,1570,2588,257,0.0024,80001697.62,434907.62
2026-04-30,11581,5347000.0,1933073.4,665841648.47,3388,2414,1933,2595,258,0.0029,92353948.87,592011.82
2026-05-01,11621,5230000.0,0.0,665841648.47,3388,2414,1933,2595,258,0.0,92353948.87,578125.96
2026-05-02,11662,3502500.0,0.0,665841648.47,3388,2414,1933,2595,258,0.0,92353948.87,494866.68
2026-05-03,11717,8944000.0,0.0,665841648.47,3388,2414,1933,2595,258,0.0,92353948.87,466614.09
2026-05-04,11762,6001000.0,0.0,665841648.47,3388,2414,1933,2595,258,0.0,92353948.87,425497.71
2026-05-05,11811,4451500.0,0.0,665841648.47,3388,2414,1933,2595,258,0.0,92353948.87,530167.78
2026-05-06,11868,8054000.0,0.0,665841648.47,3388,2414,1933,2595,258,0.0,92353948.87,536562.89
2026-05-07,11899,4173500.0,1919279.36,665841648.47,3388,2414,1933,2595,258,0.0029,92353948.87,501395.0
2026-05-08,11936,5723500.0,1583762.8,665841648.47,3388,2414,1933,2595,258,0.0024,92353948.87,529065.12
2026-05-09,11984,4635000.0,1536805.24,665841648.47,3388,2414,1933,2595,258,0.0023,92353948.87,545104.26
2026-05-10,12029,6442000.0,1257775.22,665841648.47,3388,2414,1933,2595,258,0.0019,92353948.87,548195.39
2026-05-11,12068,5412000.0,1345068.85,665841648.47,3388,2414,1933,2595,258,0.002,92353948.87,420614.63
2026-05-12,12099,4863500.0,1504909.73,665841648.47,3388,2414,1933,2595,258,0.0023,92353948.87,513571.42
2026-05-13,12137,4138000.0,1514731.64,665841648.47,3388,2414,1933,2595,258,0.0023,92353948.87,515172.59
2026-05-14,12184,6005000.0,1652742.04,665841648.47,3388,2414,1933,2595,258,0.0025,92353948.87,510699.54
2026-05-15,12217,5253000.0,1346311.79,665841648.47,3388,2414,1933,2595,258,0.002,92353948.87,521505.88
2026-05-16,12262,6513500.0,1716899.27,665841648.47,3388,2414,1933,2595,258,0.0026,92353948.87,530123.57
2026-05-17,12303,5446000.0,1365394.23,665841648.47,3388,2414,1933,2595,258,0.0021,92353948.87,454885.11
2026-05-18,12330,4994500.0,1749722.01,665841648.47,3388,2414,1933,2595,258,0.0026,92353948.87,516560.26
2026-05-19,12371,7208000.0,1484490.34,665841648.47,3388,2414,1933,2595,258,0.0022,92353948.87,565982.83
2026-05-20,12404,6096500.0,1964366.29,665841648.47,3388,2414,1933,2595,258,0.003,92353948.87,488074.18
2026-05-21,12446,6035500.0,1472910.91,665841648.47,3388,2414,1933,2595,258,0.0022,92353948.87,560274.07
2026-05-22,12502,7051000.0,1692525.21,665841648.47,3388,2414,1933,2595,258,0.0025,92353948.87,470566.55
2026-05-23,12542,5084000.0,1593051.51,665841648.47,3388,2414,1933,2595,258,0.0024,92353948.87,546230.8
2026-05-24,12580,5440000.0,1884808.99,665841648.47,3388,2414,1933,2595,258,0.0028,92353948.87,556546.49
2026-05-25,12626,7511000.0,1399727.87,665841648.47,3388,2414,1933,2595,258,0.0021,92353948.87,490365.66
2026-05-26,12677,5334000.0,1440674.84,665841648.47,3388,2414,1933,2595,258,0.0022,92353948.87,506688.52
2026-05-27,12717,5825500.0,1911677.46,665841648.47,3388,2414,1933,2595,258,0.0029,92353948.87,490147.71
2026-05-28,12776,8393500.0,1559669.32,665841648.47,3388,2414,1933,2595,258,0.0023,92353948.87,582504.12
2026-05-29,12827,5726500.0,1064978.23,665841648.47,3388,2414,1933,2595,258,0.0016,92353948.87,549623.2
2026-05-30,12879,6201500.0,1891879.07,665841648.47,3388,2414,1933,2595,258,0.0028,92353948.87,511583.83
2026-05-31,12923,4486000.0,1883772.56,747359538.71,4092,2962,2451,2595,258,0.0025,106493803.08,366666.68
2026-06-01,12975,5942000.0,0.0,747359538.71,4092,2962,2451,2595,258,0.0,106493803.08,559203.15
2026-06-02,13038,7270000.0,0.0,747359538.71,4092,2962,2451,2595,258,0.0,106493803.08,511648.34
2026-06-03,13098,7544500.0,0.0,747359538.71,4092,2962,2451,2595,258,0.0,106493803.08,552052.8
2026-06-04,13177,8913000.0,0.0,747359538.71,4092,2962,2451,2595,258,0.0,106493803.08,533214.07
2026-06-05,13249,7626000.0,0.0,747359538.71,4092,2962,2451,2595,258,0.0,106493803.08,631633.33
2026-06-06,13286,5684500.0,1262012.56,747359538.71,4092,2962,2451,2595,258,0.0017,106493803.08,675750.63
2026-06-07,13349,8398000.0,1612325.62,747359538.71,4092,2962,2451,2595,258,0.0022,106493803.08,520400.15
2026-06-08,13416,5708000.0,1244002.19,747359538.71,4092,2962,2451,2595,258,0.0017,106493803.08,482265.03
2026-06-09,13506,8452000.0,1497443.43,747359538.71,4092,2962,2451,2595,258,0.002,106493803.08,598912.35
2026-06-10,13570,7059000.0,714981.97,747359538.71,4092,2962,2451,2595,258,0.001,106493803.08,569854.18
2026-06-11,13633,7037000.0,1181332.06,747359538.71,4092,2962,2451,2595,258,0.0016,106493803.08,572206.44
2026-06-12,13691,7281000.0,1601442.97,747359538.71,4092,2962,2451,2595,258,0.0021,106493803.08,560512.25
2026-06-13,13766,6719000.0,1491790.67,747359538.71,4092,2962,2451,2595,258,0.002,106493803.08,490251.38
2026-06-14,13823,6920000.0,1257121.27,747359538.71,4092,2962,2451,2595,258,0.0017,106493803.08,568734.81
2026-06-15,13902,7491500.0,1011188.24,747359538.71,4092,2962,2451,2595,258,0.0014,106493803.08,549523.35
2026-06-16,13979,9640500.0,1088832.56,747359538.71,4092,2962,2451,2595,258,0.0015,106493803.08,639409.63
2026-06-17,14026,6399500.0,1052077.58,747359538.71,4092,2962,2451,2595,258,0.0014,106493803.08,545988.3
2026-06-18,14102,8592500.0,1420700.38,747359538.71,4092,2962,2451,2595,258,0.0019,106493803.08,514040.17
2026-06-19,14174,8479500.0,773686.67,747359538.71,4092,2962,2451,2595,258,0.001,106493803.08,656142.07
2026-06-20,14244,7647500.0,1538887.13,747359538.71,4092,2962,2451,2595,258,0.0021,106493803.08,529310.22
2026-06-21,14298,5120500.0,1267090.08,747359538.71,4092,2962,2451,2595,258,0.0017,106493803.08,534873.47
2026-06-22,14367,7492500.0,1183882.56,747359538.71,4092,2962,2451,2595,258,0.0016,106493803.08,675393.84
2026-06-23,14448,8704500.0,927727.9,747359538.71,4092,2962,2451,2595,258,0.0012,106493803.08,590795.26
2026-06-24,14506,7664000.0,1295332.37,747359538.71,4092,2962,2451,2595,258,0.0017,106493803.08,561373.22
2026-06-25,14585,7063500.0,1289602.55,747359538.71,4092,2962,2451,2595,258,0.0017,106493803.08,602445.63
2026-06-26,14685,9700000.0,1379552.88,747359538.71,4092,2962,2451,2595,258,0.0018,106493803.08,544237.77
2026-06-27,14783,9876000.0,1160466.32,747359538.71,4092,2962,2451,2595,258,0.0016,106493803.08,623840.07
2026-06-28,14914,14192500.0,1571214.0,747359538.71,4092,2962,2451,2595,258,0.0021,106493803.08,673964.96
2026-06-29,15073,14961000.0,1536944.21,747359538.71,4092,2962,2451,2595,258,0.0021,106493803.08,564819.97
2026-06-30,15083,22012500.0,1154501.31,621776175.94,4352,3294,2680,2595,258,0.0019,124833775.16,720449.96
